Date,Price,Open,High,Low,Vol.,Change %,Year
30-Dec-18,16.052,15.71,16.14,15.7,1.50K,0.0229,2018
23-Dec-18,15.693,15.035,15.69,15.035,0.52K,0.0489,2018
16-Dec-18,14.962,14.92,15.13,14.915,0.45K,0.0048,2018
9-Dec-18,14.891,14.88,15.125,14.845,3.11K,-0.0046,2018
2-Dec-18,14.96,14.73,14.965,14.695,1.29K,0.0326,2018
25-Nov-18,14.488,14.64,14.735,14.39,1.02K,-0.0107,2018
18-Nov-18,14.644,14.755,14.9,14.66,0.35K,-0.0094,2018
11-Nov-18,14.783,14.485,14.78,14.36,0.37K,0.0171,2018
4-Nov-18,14.535,15.05,15.05,14.495,0.17K,-0.0396,2018
28-Oct-18,15.134,14.795,14.86,14.645,0.07K,0.0044,2018
21-Oct-18,15.067,15.05,15.05,15.05,0.01K,0.0035,2018
14-Oct-18,15.015,15.08,15.08,15.04,0.02K,0.0013,2018
7-Oct-18,14.996,14.835,14.975,14.715,0.29K,-0.0015,2018
30-Sep-18,15.018,15.27,15.27,15.01,0.37K,-0.0024,2018
23-Sep-18,15.054,14.615,14.76,14.59,0.02K,0.0248,2018
16-Sep-18,14.69,14.75,14.75,14.75,0.01K,0.0144,2018
9-Sep-18,14.482,14.335,14.475,14.325,0.00K,-0.001,2018
2-Sep-18,14.496,14.8,14.8,14.48,0.02K,-0.0269,2018
26-Aug-18,14.897,15.4,15.4,15.37,0.10K,-0.0121,2018
19-Aug-18,15.079,14.985,15.105,14.825,0.88K,0.0118,2018
12-Aug-18,14.903,15.49,15.53,14.705,0.44K,-0.0438,2018
5-Aug-18,15.585,15.635,15.8,15.58,0.67K,-0.0203,2018
29-Jul-18,15.908,15.87,15.885,15.865,0.02K,-0.0022,2018
22-Jul-18,15.943,16.095,16.105,16,0.09K,0.0062,2018
15-Jul-18,15.844,16.15,16.15,15.585,0.42K,-0.0286,2018
8-Jul-18,16.31,16.595,16.595,16.595,0.15K,-0.0045,2018
1-Jul-18,16.384,16.22,16.385,16.135,0.24K,-0.0081,2018
24-Jun-18,16.518,16.815,16.815,16.33,0.05K,-0.0207,2018
17-Jun-18,16.867,16.88,16.88,16.73,0.02K,-0.0014,2018
10-Jun-18,16.891,17.48,17.48,17.48,0.06K,-0.0263,2018
3-Jun-18,17.347,17.315,17.315,17.315,0.15K,0.027,2018
27-May-18,16.891,16.88,16.88,16.88,0.17K,-0.0165,2018
20-May-18,17.174,17.27,17.27,17.23,0.01K,0.0159,2018
13-May-18,16.906,16.72,16.83,16.72,0.01K,-0.0182,2018
6-May-18,17.219,16.955,16.975,16.945,0.00K,0.0144,2018
29-Apr-18,16.975,16.76,16.935,16.76,0.01K,0.0011,2018
22-Apr-18,16.957,17.43,17.43,16.95,0.01K,-0.0401,2018
15-Apr-18,17.666,17.705,17.73,17.705,0.01K,0.0285,2018
8-Apr-18,17.177,17.065,17.065,17.065,0.03K,0.0158,2018
1-Apr-18,16.91,16.94,17.01,16.88,0.03K,0.0042,2018
25-Mar-18,16.84,17.15,17.15,17.15,0.04K,-0.0192,2018
18-Mar-18,17.169,16.73,17.21,16.73,0.06K,0.0194,2018
11-Mar-18,16.843,17.115,17.115,16.84,0.04K,-0.02,2018
4-Mar-18,17.187,17.155,17.23,17.08,0.05K,0.0485,2018
25-Feb-18,16.392,16.61,16.65,16.09,25.57K,-0.0051,2018
18-Feb-18,16.476,16.57,16.57,16.55,0.04K,-0.0131,2018
11-Feb-18,16.695,16.375,16.375,16.345,0.23K,0.0359,2018
4-Feb-18,16.116,16.705,16.705,16.54,0.24K,-0.0336,2018
28-Jan-18,16.676,17.055,17.21,17.025,0.05K,-0.0769,2018
21-Jan-18,18.065,17.48,18.3,17.48,0.08K,0.0642,2018
14-Jan-18,16.975,17.305,17.325,16.935,0.13K,-0.0425,2018
7-Jan-18,17.729,17.555,17.555,17.555,0.03K,0.0305,2018
31-Dec-17,17.205,17.155,17.23,17.08,0.07K,0.0085,2017
24-Dec-17,17.06,16.48,17.045,16.48,0.38K,0.043,2017
17-Dec-17,16.357,15.98,16.32,15.98,0.32K,0.0237,2017
10-Dec-17,15.978,15.775,16.01,15.555,0.87K,0.0154,2017
3-Dec-17,15.736,16.31,16.34,15.6,1.42K,-0.0344,2017
26-Nov-17,16.297,17.02,17.025,16.2,24.67K,-0.0403,2017
19-Nov-17,16.981,16.93,16.99,16.93,0.00K,-0.0217,2017
12-Nov-17,17.358,16.84,17.305,16.84,0.02K,0.0305,2017
5-Nov-17,16.844,17.205,17.225,16.925,0.02K,0.003,2017
29-Oct-17,16.794,16.715,17.105,16.65,0.48K,0.0055,2017
22-Oct-17,16.702,16.92,16.945,16.87,0.17K,-0.0188,2017
15-Oct-17,17.022,17.42,17.43,16.99,0.11K,-0.0192,2017
8-Oct-17,17.355,16.865,17.38,16.865,0.20K,0.0371,2017
1-Oct-17,16.734,16.595,16.82,16.43,0.15K,0.0076,2017
24-Sep-17,16.607,16.85,17.09,16.655,0.52K,-0.0175,2017
17-Sep-17,16.903,17.49,17.52,16.8,0.76K,-0.0402,2017
10-Sep-17,17.611,17.89,17.91,17.55,1.70K,-0.0231,2017
3-Sep-17,18.027,17.78,18.16,17.775,2.43K,0.0174,2017
27-Aug-17,17.719,17.39,17.72,17.255,23.21K,0.04,2017
20-Aug-17,17.038,17.055,17.06,17.055,0.19K,0.0034,2017
13-Aug-17,16.98,17.055,17.13,16.695,0.18K,-0.0036,2017
6-Aug-17,17.041,16.2,17.21,16.09,0.34K,0.0505,2017
30-Jul-17,16.222,16.735,16.825,16.205,0.32K,-0.0265,2017
23-Jul-17,16.664,16.415,16.69,16.265,0.34K,0.0155,2017
16-Jul-17,16.41,16.1,16.44,16.025,0.34K,0.0331,2017
9-Jul-17,15.884,15.54,15.965,15.15,0.59K,0.0334,2017
2-Jul-17,15.371,16.58,16.58,15.3,1.53K,-0.0722,2017
25-Jun-17,16.568,16.425,16.86,16.425,18.91K,-0.0036,2017
18-Jun-17,16.628,16.51,16.65,16.33,0.09K,-0.0005,2017
11-Jun-17,16.636,17.115,17.18,16.63,0.14K,-0.0324,2017
4-Jun-17,17.193,17.545,17.695,17.175,0.18K,-0.0168,2017
28-May-17,17.487,17.335,17.505,17.025,1.27K,0.0118,2017
21-May-17,17.283,17.08,17.31,16.99,0.20K,0.0318,2017
14-May-17,16.75,16.435,16.955,16.425,0.39K,0.0247,2017
7-May-17,16.346,16.26,16.405,16.03,0.47K,0.0081,2017
30-Apr-17,16.215,17.185,17.215,16.195,4.08K,-0.0568,2017
23-Apr-17,17.191,17.575,17.575,17.13,37.30K,-0.0358,2017
16-Apr-17,17.83,18.43,18.435,17.855,0.11K,-0.0356,2017
9-Apr-17,18.489,17.82,18.5,17.75,0.23K,0.0198,2017
2-Apr-17,18.13,18.22,18.425,18.165,0.22K,-0.0058,2017
26-Mar-17,18.235,18.1,18.25,18.1,0.17K,0.0291,2017
19-Mar-17,17.72,17.425,17.575,17.335,0.39K,0.0196,2017
12-Mar-17,17.379,16.975,17.47,16.82,0.71K,0.0294,2017
5-Mar-17,16.883,17.9,17.9,16.835,1.83K,-0.046,2017
26-Feb-17,17.697,18.355,18.475,17.625,31.21K,-0.0348,2017
19-Feb-17,18.335,17.99,18.11,17.96,0.26K,0.0175,2017
12-Feb-17,18.019,17.9,18.05,17.9,0.25K,0.006,2017
5-Feb-17,17.912,17.595,17.965,17.57,0.22K,0.0263,2017
29-Jan-17,17.453,17.15,17.67,17.15,0.09K,0.0206,2017
22-Jan-17,17.1,17.2,17.2,16.83,0.02K,0.0061,2017
15-Jan-17,16.997,17.21,17.215,16.925,0.18K,0.0166,2017
8-Jan-17,16.72,16.445,16.8,16.445,0.26K,0.0154,2017
1-Jan-17,16.466,16.04,16.71,16.03,0.02K,0.0333,2017
25-Dec-16,15.936,15.84,16.235,15.84,0.46K,0.0148,2016
18-Dec-16,15.704,16,16.125,15.7,0.30K,-0.0278,2016
11-Dec-16,16.153,16.83,17.15,15.89,1.02K,-0.044,2016
4-Dec-16,16.897,16.905,17.19,16.525,0.77K,0.0086,2016
27-Nov-16,16.753,16.605,16.775,16.25,20.01K,0.0176,2016
20-Nov-16,16.464,16.55,16.55,16.255,0.01K,-0.009,2016
13-Nov-16,16.613,17.46,17.46,16.805,0.02K,-0.0433,2016
6-Nov-16,17.364,18.15,18.8,17.335,0.08K,-0.0533,2016
30-Oct-16,18.342,17.81,18.6,17.81,0.08K,0.0327,2016
23-Oct-16,17.762,17.63,17.855,17.59,0.07K,0.018,2016
16-Oct-16,17.448,17.415,17.71,17.415,0.06K,0.0032,2016
9-Oct-16,17.393,17.685,17.685,17.33,0.06K,0.004,2016
2-Oct-16,17.324,18.87,18.87,17.195,0.28K,-0.0948,2016
25-Sep-16,19.139,19.56,19.6,19.01,0.29K,-0.0301,2016
18-Sep-16,19.733,18.875,20.01,18.875,0.17K,0.0507,2016
11-Sep-16,18.781,19.035,19.17,18.715,0.65K,-0.026,2016
4-Sep-16,19.282,19.395,20.1,19.025,1.42K,0.0003,2016
28-Aug-16,19.276,18.86,19.395,18.52,16.76K,0.0338,2016
21-Aug-16,18.645,18.855,18.95,18.505,0.07K,-0.034,2016
14-Aug-16,19.301,19.95,20.065,19.365,0.04K,-0.0189,2016
7-Aug-16,19.672,19.69,20.355,19.69,0.06K,-0.0055,2016
31-Jul-16,19.78,20.51,20.75,20.1,0.11K,-0.0262,2016
24-Jul-16,20.312,19.5,20.5,19.4,0.41K,0.0333,2016
17-Jul-16,19.657,20.025,20.095,19.325,0.59K,-0.0233,2016
10-Jul-16,20.125,20.37,20.605,20.08,0.57K,0.0033,2016
3-Jul-16,20.058,19.755,21.095,19.4,2.28K,0.0263,2016
26-Jun-16,19.544,17.865,19.925,17.8,28.60K,0.0989,2016
19-Jun-16,17.785,17.445,17.825,17.215,0.15K,0.0221,2016
12-Jun-16,17.4,17.49,17.7,17.255,0.01K,0.0049,2016
5-Jun-16,17.315,16.55,17.165,16.55,0.04K,0.0593,2016
29-May-16,16.346,16.01,16.43,15.92,0.10K,0.0062,2016
22-May-16,16.246,16.32,16.455,16.175,0.65K,-0.0165,2016
15-May-16,16.519,17.22,17.32,16.415,0.26K,-0.0348,2016
8-May-16,17.115,17.47,17.575,16.96,0.71K,-0.0224,2016
1-May-16,17.507,17.85,18.03,17.2,2.37K,-0.0159,2016
24-Apr-16,17.789,17.23,17.99,17.14,29.17K,0.0529,2016
17-Apr-16,16.896,16.215,16.965,16.215,0.01K,0.036,2016
10-Apr-16,16.309,15.47,16.295,15.47,0.06K,0.0603,2016
3-Apr-16,15.382,15.02,15.02,15.015,0.02K,0.0226,2016
27-Mar-16,15.042,15.18,15.44,15.115,0.17K,-0.0098,2016
20-Mar-16,15.191,15.795,15.955,15.18,0.35K,-0.0389,2016
13-Mar-16,15.806,15.55,16.15,15.22,1.20K,0.0128,2016
6-Mar-16,15.607,15.57,15.795,15.175,2.95K,-0.0047,2016
28-Feb-16,15.681,14.735,15.78,14.61,4.92K,0.0675,2016
21-Feb-16,14.689,15.185,15.23,14.675,23.34K,-0.0442,2016
14-Feb-16,15.368,15.385,15.385,15.385,0.01K,-0.0264,2016
7-Feb-16,15.785,14.91,15.785,14.91,0.14K,0.0692,2016
31-Jan-16,14.764,14.245,14.9,14.235,0.09K,0.0376,2016
24-Jan-16,14.229,14.095,14.385,14.095,0.06K,0.0132,2016
17-Jan-16,14.043,14.065,14.29,14.065,0.01K,0.0115,2016
10-Jan-16,13.884,13.95,14.1,13.71,0.05K,-0.0017,2016
3-Jan-16,13.908,14.1,14.34,13.86,0.43K,0.0097,2016
27-Dec-15,13.775,14.035,14.035,13.745,0.14K,-0.0413,2015
20-Dec-15,14.369,14.105,14.38,14.105,0.13K,0.0205,2015
13-Dec-15,14.08,13.875,14.235,13.635,0.28K,0.0159,2015
6-Dec-15,13.859,14.48,14.605,13.86,0.20K,-0.0445,2015
29-Nov-15,14.505,14.02,14.555,13.77,2.70K,0.0355,2015
22-Nov-15,14.008,14.14,14.35,13.905,17.24K,-0.0069,2015
15-Nov-15,14.106,14.45,14.455,14.02,0.05K,-0.0068,2015
8-Nov-15,14.203,14.31,14.45,14.25,0.03K,-0.0335,2015
1-Nov-15,14.696,15.385,15.385,15.005,0.02K,-0.0559,2015
25-Oct-15,15.566,15.83,16.25,15.53,0.08K,-0.0159,2015
18-Oct-15,15.818,15.82,15.89,15.82,0.02K,-0.0176,2015
11-Oct-15,16.102,15.855,16.135,15.7,0.07K,0.0185,2015
4-Oct-15,15.809,15.14,15.985,15.14,0.06K,0.0362,2015
27-Sep-15,15.257,14.615,15.1,14.41,0.10K,0.01,2015
20-Sep-15,15.106,15.15,15.235,14.74,0.32K,-0.0032,2015
13-Sep-15,15.154,14.51,15.265,14.265,0.11K,0.0458,2015
6-Sep-15,14.49,14.63,14.865,14.28,0.52K,-0.0037,2015
30-Aug-15,14.544,14.51,14.925,14.39,2.85K,0.0006,2015
23-Aug-15,14.535,14.65,14.7,14.045,13.27K,-0.0501,2015
16-Aug-15,15.301,15.465,15.505,15.465,0.25K,0.006,2015
9-Aug-15,15.21,14.89,15.51,14.89,0.03K,0.0266,2015
2-Aug-15,14.816,14.73,14.73,14.415,0.27K,0.0047,2015
26-Jul-15,14.746,14.61,14.865,14.56,0.34K,0.0186,2015
19-Jul-15,14.477,14.715,14.905,14.33,0.36K,-0.0231,2015
12-Jul-15,14.82,15.495,15.495,14.825,0.34K,-0.0419,2015
5-Jul-15,15.468,15.55,15.695,14.74,1.65K,-0.0044,2015
28-Jun-15,15.537,15.935,16,15.415,21.97K,-0.0126,2015
21-Jun-15,15.735,16.1,16.1,15.725,0.03K,-0.0229,2015
14-Jun-15,16.104,16.2,16.2,16.2,0.05K,0.0181,2015
7-Jun-15,15.818,16.035,16.06,15.835,0.03K,-0.0096,2015
31-May-15,15.971,16.635,17.1,15.94,0.05K,-0.0427,2015
24-May-15,16.684,16.995,17.08,16.555,0.37K,-0.0203,2015
17-May-15,17.03,17.62,17.71,16.905,0.27K,-0.0294,2015
10-May-15,17.545,16.475,17.545,16.215,0.47K,0.0671,2015
3-May-15,16.442,16.15,16.695,16.15,0.38K,0.0205,2015
26-Apr-15,16.111,15.935,16.7,15.815,19.76K,0.0307,2015
19-Apr-15,15.631,15.92,15.92,15.92,0.00K,-0.0364,2015
12-Apr-15,16.221,16.15,16.285,16.15,0.04K,-0.0091,2015
5-Apr-15,16.37,17.035,17.08,16.235,0.32K,-0.0189,2015
29-Mar-15,16.686,16.755,16.755,16.585,0.08K,-0.0215,2015
22-Mar-15,17.052,16.7,17.325,16.67,0.70K,0.011,2015
15-Mar-15,16.867,15.69,16.82,15.45,0.23K,0.0898,2015
8-Mar-15,15.477,15.8,15.91,15.27,0.49K,-0.0195,2015
1-Mar-15,15.784,16.585,16.73,15.745,0.96K,-0.0441,2015
22-Feb-15,16.513,16.295,16.86,16.295,19.34K,0.0154,2015
15-Feb-15,16.263,16.405,16.43,16.305,0.02K,-0.0587,2015
8-Feb-15,17.278,16.84,17.04,16.82,0.04K,0.036,2015
1-Feb-15,16.678,17.32,17.6,17.205,0.08K,-0.0299,2015
25-Jan-15,17.192,18.11,18.11,16.81,0.07K,-0.0597,2015
18-Jan-15,18.284,17.955,18.355,17.955,0.07K,0.0307,2015
11-Jan-15,17.739,17,17.77,16.9,0.69K,0.0826,2015
4-Jan-15,16.386,16.48,16.55,16.48,0.01K,0.0414,2015
28-Dec-14,15.734,15.95,16.355,15.535,0.17K,-0.0235,2014
21-Dec-14,16.112,16.08,16.115,15.58,0.09K,0.0076,2014
14-Dec-14,15.991,16.81,16.85,15.83,0.14K,-0.0604,2014
7-Dec-14,17.019,16.13,17.18,16.13,0.98K,0.0508,2014
30-Nov-14,16.196,15.39,16.68,14.1,2.88K,0.0456,2014
23-Nov-14,15.489,16.43,16.65,15.365,28.67K,-0.055,2014
16-Nov-14,16.391,16.391,16.391,16.391,0.01K,0.005,2014
9-Nov-14,16.31,15.72,16.305,15.595,0.12K,0.0389,2014
2-Nov-14,15.699,16.035,16.035,15.045,0.13K,-0.0235,2014
26-Oct-14,16.077,16.35,16.35,15.86,0.50K,-0.0618,2014
19-Oct-14,17.136,17.46,17.5,17.115,0.05K,-0.0084,2014
12-Oct-14,17.282,17.41,17.7,17.01,0.07K,0.0017,2014
5-Oct-14,17.252,17.03,17.6,17.03,0.29K,0.0281,2014
28-Sep-14,16.78,17.505,17.53,16.8,0.49K,-0.0399,2014
21-Sep-14,17.477,17.7,17.735,17.355,0.43K,-0.0171,2014
14-Sep-14,17.781,18.615,18.69,17.81,0.63K,-0.0412,2014
7-Sep-14,18.546,19.205,19.25,18.465,0.55K,-0.0281,2014
31-Aug-14,19.082,19.405,19.47,18.985,0.71K,-0.0163,2014
24-Aug-14,19.398,19.36,19.875,19.345,22.31K,0.0019,2014
17-Aug-14,19.361,19.555,19.555,19.285,0.02K,-0.0066,2014
10-Aug-14,19.49,19.87,19.87,19.53,0.02K,-0.0207,2014
3-Aug-14,19.902,20.35,20.36,19.925,0.04K,-0.0211,2014
27-Jul-14,20.332,20.635,20.695,20.295,0.36K,-0.0124,2014
20-Jul-14,20.588,21,21.07,20.435,0.30K,-0.012,2014
13-Jul-14,20.838,21.205,21.205,20.675,0.27K,-0.0268,2014
6-Jul-14,21.411,21.1,21.525,20.82,0.56K,0.0153,2014
29-Jun-14,21.089,20.96,21.28,20.765,3.51K,0.0006,2014
22-Jun-14,21.077,21.105,21.205,20.9,17.33K,0.0064,2014
15-Jun-14,20.942,19.755,20.95,19.67,0.03K,0.0665,2014
8-Jun-14,19.637,19.05,19.535,19.05,0.01K,0.0355,2014
1-Jun-14,18.963,18.75,19.05,18.675,0.08K,0.0166,2014
25-May-14,18.653,19.35,19.395,18.605,0.50K,-0.0379,2014
18-May-14,19.388,19.555,19.745,19.27,0.34K,0.005,2014
11-May-14,19.292,19.1,19.915,19.1,0.75K,0.0113,2014
4-May-14,19.077,19.475,19.72,19.02,0.73K,-0.0213,2014
27-Apr-14,19.492,19.56,19.6,18.75,21.26K,-0.0098,2014
20-Apr-14,19.685,19.395,19.76,19.1,0.21K,0.0051,2014
13-Apr-14,19.586,19.955,19.955,19.475,0.02K,-0.0174,2014
6-Apr-14,19.933,19.945,20.215,19.74,0.09K,0.0003,2014
30-Mar-14,19.927,19.94,19.94,19.94,0.23K,0.0078,2014
23-Mar-14,19.772,20.16,20.16,19.63,0.43K,-0.0253,2014
16-Mar-14,20.286,21.37,21.39,20.25,0.30K,-0.0513,2014
9-Mar-14,21.384,20.8,21.71,20.6,0.44K,0.0233,2014
2-Mar-14,20.897,21.35,21.68,20.76,1.94K,-0.0145,2014
23-Feb-14,21.204,21.245,21.48,20.985,17.45K,-0.0263,2014
16-Feb-14,21.777,21.825,21.895,21.7,0.14K,0.0171,2014
9-Feb-14,21.411,20.17,21.425,20.17,0.02K,0.0748,2014
2-Feb-14,19.92,19.13,20.045,19.09,0.44K,0.0427,2014
26-Jan-14,19.105,19.8,19.8,19.06,0.26K,-0.0323,2014
19-Jan-14,19.743,20.3,20.31,19.83,0.21K,-0.0259,2014
12-Jan-14,20.267,20.3,20.53,20.01,0.60K,0.0033,2014
5-Jan-14,20.201,20.24,20.25,19.37,0.09K,0.0009,2014
29-Dec-13,20.182,19.835,20.32,18.935,0.30K,0.0084,2013
22-Dec-13,20.013,19.43,20,19.35,0.15K,0.0306,2013
15-Dec-13,19.418,19.5,20.2,19.1,0.26K,-0.0072,2013
8-Dec-13,19.559,19.465,20.4,19.405,0.69K,0.0048,2013
1-Dec-13,19.465,19.91,19.91,18.845,3.61K,-0.0258,2013
24-Nov-13,19.981,19.93,20.08,19.585,28.69K,0.0063,2013
17-Nov-13,19.856,20.4,20.4,20.135,0.02K,-0.0416,2013
10-Nov-13,20.717,20.65,21.335,20.475,0.03K,-0.0277,2013
3-Nov-13,21.307,21.64,21.785,21.32,0.08K,-0.0228,2013
27-Oct-13,21.804,22.535,23,21.795,0.11K,-0.0353,2013
20-Oct-13,22.603,22.22,22.815,22.185,0.05K,0.0336,2013
13-Oct-13,21.869,21.5,22.08,20.675,0.04K,0.0308,2013
6-Oct-13,21.215,21.71,22.37,21.195,0.09K,-0.0226,2013
29-Sep-13,21.705,21.7,21.85,20.795,0.36K,-0.0036,2013
22-Sep-13,21.783,21.825,21.875,21.355,0.42K,-0.0043,2013
15-Sep-13,21.876,22.235,23.275,21.21,0.61K,0.0095,2013
8-Sep-13,21.67,24,24,21.465,0.93K,-0.0911,2013
1-Sep-13,23.842,23.2,24.46,22.995,2.87K,0.0162,2013
25-Aug-13,23.463,24.15,24.985,23.385,22.01K,-0.0114,2013
18-Aug-13,23.733,23.08,23.755,22.86,0.04K,0.0178,2013
11-Aug-13,23.317,21.195,23.21,21.195,0.12K,0.143,2013
4-Aug-13,20.399,19.78,20.295,19.46,0.27K,0.0249,2013
28-Jul-13,19.903,19.895,20.05,19.395,0.16K,0.007,2013
21-Jul-13,19.765,19.525,20.52,19.525,0.48K,0.0163,2013
14-Jul-13,19.448,20.1,20.1,19.24,0.80K,-0.0167,2013
7-Jul-13,19.779,18.92,20.14,18.765,1.00K,0.0562,2013
30-Jun-13,18.726,19.485,20.06,18.685,1.59K,-0.0373,2013
23-Jun-13,19.451,20.055,20.055,18.185,23.27K,-0.0254,2013
16-Jun-13,19.958,21.87,21.915,19.59,0.06K,-0.0909,2013
9-Jun-13,21.953,21.63,22.07,21.52,0.21K,0.0099,2013
2-Jun-13,21.737,22.335,22.87,21.58,0.29K,-0.0221,2013
26-May-13,22.228,22.595,22.93,22.14,0.52K,-0.0113,2013
19-May-13,22.482,22.28,22.8,21.01,0.27K,0.0064,2013
12-May-13,22.339,23.71,23.72,22.075,0.65K,-0.0547,2013
5-May-13,23.632,24.095,24.375,23.14,1.74K,-0.0143,2013
28-Apr-13,23.975,23.97,24.55,23.23,24.72K,0.0091,2013
21-Apr-13,23.758,23.1,24.2,22.79,0.05K,0.035,2013
14-Apr-13,22.955,24.5,24.64,22.6,0.20K,-0.1279,2013
7-Apr-13,26.322,27.235,27.935,26.085,0.26K,-0.0323,2013
31-Mar-13,27.201,27.96,27.975,26.7,0.34K,-0.0386,2013
24-Mar-13,28.292,28.46,28.785,28.12,0.30K,-0.013,2013
17-Mar-13,28.666,28.815,29.19,28.425,0.65K,-0.0052,2013
10-Mar-13,28.817,28.86,29.29,28.57,0.34K,-0.0032,2013
3-Mar-13,28.909,28.635,29.19,28.35,0.99K,0.0161,2013
24-Feb-13,28.451,28.975,29.39,27.955,27.65K,-0.0002,2013
17-Feb-13,28.456,30.04,30.045,28.315,0.07K,-0.0463,2013
10-Feb-13,29.839,31.16,31.175,29.77,0.27K,-0.0505,2013
3-Feb-13,31.425,31.705,32.02,31.345,0.09K,-0.0162,2013
27-Jan-13,31.942,31,32.26,30.9,0.07K,0.0244,2013
20-Jan-13,31.18,31.835,32.315,31.65,0.02K,-0.0226,2013
13-Jan-13,31.902,30.62,32.06,30.62,0.14K,0.0505,2013
6-Jan-13,30.367,30.395,30.825,29.91,0.33K,0.0158,2013
30-Dec-12,29.896,30.09,31.335,29.21,0.17K,-0.0008,2012
23-Dec-12,29.92,30.085,30.205,29.925,0.30K,-0.0074,2012
16-Dec-12,30.142,32.29,32.46,29.62,1.52K,-0.0646,2012
9-Dec-12,32.223,33.14,33.7,32.255,2.30K,-0.0251,2012
2-Dec-12,33.053,33.5,33.85,32.53,1.69K,-0.0045,2012
25-Nov-12,33.204,34.005,34.395,33.14,17.65K,-0.0266,2012
18-Nov-12,34.111,33.335,33.385,32.99,0.01K,0.0541,2012
11-Nov-12,32.361,32.215,32.865,32.195,0.02K,-0.007,2012
4-Nov-12,32.59,30.785,32.665,30.785,0.10K,0.0569,2012
28-Oct-12,30.835,31.77,32.47,30.9,0.06K,-0.0367,2012
21-Oct-12,32.011,32.15,32.305,31.65,0.06K,-0.0019,2012
14-Oct-12,32.073,32.57,33.2,32.04,0.07K,-0.0464,2012
7-Oct-12,33.633,33.88,34.05,33.625,0.32K,-0.0256,2012
30-Sep-12,34.516,34.375,34.98,34.375,0.16K,0,2012
23-Sep-12,34.517,33.905,34.75,33.675,0.62K,-0.0014,2012
16-Sep-12,34.567,34.665,35.09,34,1.08K,-0.001,2012
9-Sep-12,34.603,33.655,34.75,32.51,0.69K,0.0288,2012
2-Sep-12,33.633,31.66,33.685,31.52,1.33K,0.0721,2012
26-Aug-12,31.37,30.9,31.7,30.195,15.46K,0.025,2012
19-Aug-12,30.606,28.385,30.75,28.385,0.11K,0.0933,2012
12-Aug-12,27.995,27.845,28.14,27.685,0.09K,-0.0021,2012
5-Aug-12,28.055,27.895,28.045,27.75,0.02K,0.0095,2012
29-Jul-12,27.79,27.57,28.23,26.965,0.20K,0.0114,2012
22-Jul-12,27.478,26.95,27.62,26.775,0.32K,0.0073,2012
15-Jul-12,27.279,27.13,27.395,26.77,1.37K,-0.0024,2012
8-Jul-12,27.344,27.125,27.5,26.445,0.95K,0.0169,2012
1-Jul-12,26.889,27.44,28.37,26.885,1.32K,-0.0251,2012
24-Jun-12,27.58,26.68,27.84,26.07,25.97K,0.0346,2012
17-Jun-12,26.657,28.445,28.77,26.65,0.20K,-0.0723,2012
10-Jun-12,28.734,28.62,29.055,28.17,0.04K,0.0096,2012
3-Jun-12,28.461,28.38,29.245,27.94,0.07K,-0.0013,2012
27-May-12,28.497,28.225,28.515,27.26,0.29K,0.0045,2012
20-May-12,28.37,28.35,28.705,27.3,0.17K,-0.0113,2012
13-May-12,28.694,28.25,28.71,26.895,0.23K,-0.0057,2012
6-May-12,28.858,30.15,30.15,28.485,0.28K,-0.0501,2012
29-Apr-12,30.38,31.26,31.38,29.88,3.75K,-0.0308,2012
22-Apr-12,31.347,31.56,31.61,30.625,22.09K,-0.0094,2012
15-Apr-12,31.644,31.545,31.725,31.465,0.12K,0.0084,2012
8-Apr-12,31.38,31.76,32.385,31.59,0.16K,-0.0106,2012
1-Apr-12,31.716,33.105,33.105,31.285,0.03K,-0.0232,2012
25-Mar-12,32.469,32.14,32.99,31.645,0.21K,0.0069,2012
18-Mar-12,32.248,32.65,32.99,31.19,0.28K,-0.01,2012
11-Mar-12,32.573,33.94,33.965,31.62,0.42K,-0.0469,2012
4-Mar-12,34.175,34.785,34.785,32.455,1.68K,-0.0089,2012
26-Feb-12,34.481,35.38,37.48,33.75,32.17K,-0.0241,2012
19-Feb-12,35.332,33.52,35.59,33.52,0.16K,0.0642,2012
12-Feb-12,33.2,33.63,33.85,32.7,0.38K,-0.0112,2012
5-Feb-12,33.576,33.5,34.4,33.25,0.28K,-0.0044,2012
29-Jan-12,33.725,33.265,34.335,32.99,0.54K,-0.0007,2012
22-Jan-12,33.747,32.55,33.75,31.68,0.24K,0.0664,2012
15-Jan-12,31.647,30.5,32.035,29.9,0.36K,0.073,2012
8-Jan-12,29.493,28.82,30.64,28.755,0.48K,0.0293,2012
1-Jan-12,28.653,28.165,29.63,28.11,0.32K,0.0279,2012
25-Dec-11,27.875,28.97,28.97,26.385,0.37K,-0.0403,2011
18-Dec-11,29.046,29.6,29.975,28.68,0.23K,-0.0192,2011
11-Dec-11,29.615,31.755,31.755,28.65,0.54K,-0.0795,2011
4-Dec-11,32.173,32.735,33.15,31.46,1.07K,-0.0137,2011
27-Nov-11,32.621,32.06,33.555,31.135,19.88K,0.0519,2011
20-Nov-11,31.012,31.175,33,31.02,0.03K,-0.0432,2011
13-Nov-11,32.413,34.6,34.6,31.38,0.02K,-0.0651,2011
6-Nov-11,34.671,34.33,35.04,34.1,0.24K,0.0176,2011
30-Oct-11,34.07,34.27,34.795,32.87,0.14K,-0.034,2011
23-Oct-11,35.27,31.355,35.455,31.355,0.11K,0.1314,2011
16-Oct-11,31.173,32.02,32.445,30.105,0.11K,-0.0301,2011
9-Oct-11,32.14,32.25,32.42,31.56,0.10K,0.0382,2011
2-Oct-11,30.958,29.965,32.53,28.41,0.32K,0.0305,2011
25-Sep-11,30.041,30.785,32.85,26.585,0.49K,-0.0003,2011
18-Sep-11,30.051,40.71,40.71,30.275,0.69K,-0.2631,2011
11-Sep-11,40.781,41.225,41.35,39.475,1.00K,-0.0191,2011
4-Sep-11,41.573,43.005,43.28,40.58,1.21K,-0.0336,2011
28-Aug-11,43.02,40.805,43.395,40.425,23.23K,0.0506,2011
21-Aug-11,40.947,43.655,44.15,40.48,0.16K,-0.0349,2011
14-Aug-11,42.428,39.47,42.195,39.36,0.32K,0.0851,2011
7-Aug-11,39.101,39.08,40.215,37.215,0.42K,0.0237,2011
31-Jul-11,38.197,39.625,42.2,37.79,0.25K,-0.0473,2011
24-Jul-11,40.092,40.45,41.42,39.435,0.58K,-0.0005,2011
17-Jul-11,40.113,39.77,40.87,38.435,1.50K,0.0269,2011
10-Jul-11,39.063,36.66,39.355,34.85,1.57K,0.0692,2011
3-Jul-11,36.536,33.83,36.82,33.83,3.16K,0.0843,2011
26-Jun-11,33.694,33.955,35.14,33.465,38.41K,-0.0273,2011
19-Jun-11,34.641,35.8,36.7,34.935,0.07K,-0.0307,2011
12-Jun-11,35.739,36.05,36.05,34.62,0.10K,-0.0162,2011
5-Jun-11,36.326,36.75,37.83,36.1,0.34K,0.0038,2011
29-May-11,36.187,38.325,38.65,35.175,1.12K,-0.0441,2011
22-May-11,37.857,34.61,38.825,34.395,0.84K,0.0791,2011
15-May-11,35.082,35.215,35.695,33.095,0.27K,0.002,2011
8-May-11,35.011,35.54,39.38,32.595,1.21K,-0.0077,2011
1-May-11,35.283,47.97,48.085,33.535,8.05K,-0.2738,2011
24-Apr-11,48.584,47.235,49.52,44.76,44.70K,0.0548,2011
17-Apr-11,46.062,42.94,46.27,42.75,0.17K,0.0821,2011
10-Apr-11,42.566,40.97,42.805,39.835,0.08K,0.0484,2011
3-Apr-11,40.6,38.325,40.925,38.3,0.21K,0.0759,2011
27-Mar-11,37.737,37.18,37.92,36.45,0.59K,0.0183,2011
20-Mar-11,37.058,35.75,38.13,35.705,1.27K,0.057,2011
13-Mar-11,35.06,36.265,36.325,33.6,2.07K,-0.0243,2011
6-Mar-11,35.933,35.67,36.73,34.07,2.23K,0.0174,2011
27-Feb-11,35.317,33.34,35.62,33.25,8.34K,0.0735,2011
20-Feb-11,32.898,33.4,34.01,32.035,37.71K,0.0186,2011
13-Feb-11,32.298,30.41,32.645,30.4,0.17K,0.0769,2011
6-Feb-11,29.992,29.135,30.205,29.135,0.29K,0.0319,2011
30-Jan-11,29.064,27.775,29.155,27.775,0.25K,0.0405,2011
23-Jan-11,27.934,27.175,27.95,26.505,0.38K,0.0189,2011
16-Jan-11,27.416,28.175,29.325,27.09,0.23K,-0.0315,2011
9-Jan-11,28.309,28.9,29.81,28.1,0.15K,-0.0123,2011
2-Jan-11,28.661,30.45,31.195,28.425,0.52K,-0.0728,2011
26-Dec-10,30.91,28.87,30.9,28.86,0.43K,0.0546,2010
19-Dec-10,29.31,29.365,29.51,28.83,0.41K,0.0068,2010
12-Dec-10,29.113,28.945,29.765,28.4,0.31K,0.0188,2010
5-Dec-10,28.576,29.495,30.69,28.01,1.49K,-0.0227,2010
28-Nov-10,29.241,26.735,29.415,26.45,60.89K,0.0954,2010
21-Nov-10,26.695,27.525,27.65,27.175,0.03K,-0.0177,2010
14-Nov-10,27.175,26.4,26.935,25.055,0.18K,0.0477,2010
7-Nov-10,25.938,26.59,28.915,26.035,0.27K,-0.0301,2010
31-Oct-10,26.744,24.865,26.82,24.115,0.23K,0.0889,2010
24-Oct-10,24.56,23.34,24.7,23.34,0.27K,0.0621,2010
17-Oct-10,23.125,24.23,24.435,23.535,0.07K,-0.0473,2010
10-Oct-10,24.272,23.365,24.35,23.04,0.02K,0.0513,2010
3-Oct-10,23.087,22.005,23.245,22,0.03K,0.0476,2010
26-Sep-10,22.037,21.57,21.96,21.31,0.10K,0.0306,2010
19-Sep-10,21.383,20.9,21.44,20.55,0.42K,0.0285,2010
12-Sep-10,20.79,20,20.96,19.99,0.94K,0.0499,2010
5-Sep-10,19.802,19.87,20.11,19.585,2.01K,-0.0057,2010
29-Aug-10,19.915,19.07,19.93,18.83,9.58K,0.046,2010
22-Aug-10,19.039,17.925,19.06,17.925,0.00K,0.0588,2010
15-Aug-10,17.982,18.375,18.55,18.12,0.01K,-0.0064,2010
8-Aug-10,18.097,18.13,18.525,18.1,0.00K,-0.0196,2010
1-Aug-10,18.459,18.435,18.475,18.435,0.00K,0.0262,2010
25-Jul-10,17.987,18.03,18.21,17.43,0.26K,-0.006,2010
18-Jul-10,18.096,17.86,18.19,17.44,0.86K,0.0182,2010
11-Jul-10,17.773,18.105,18.42,17.74,0.56K,-0.0155,2010
4-Jul-10,18.053,17.855,18.205,17.555,0.66K,0.0201,2010
27-Jun-10,17.698,18.73,18.775,17.62,17.54K,-0.0736,2010
20-Jun-10,19.105,18.91,18.91,18.5,0.01K,-0.0037,2010
13-Jun-10,19.175,18.575,19.18,18.55,0.01K,0.0523,2010
6-Jun-10,18.222,17.47,18.3,17.31,0.06K,0.0539,2010
30-May-10,17.29,18.505,18.63,17.415,0.06K,-0.0609,2010
23-May-10,18.411,17.92,18.6,17.565,0.35K,0.0442,2010
16-May-10,17.631,19.16,19.31,17.5,0.75K,-0.0818,2010
9-May-10,19.202,18.45,19.8,18.245,0.71K,0.0419,2010
2-May-10,18.429,18.625,18.855,17.09,4.40K,-0.0098,2010
25-Apr-10,18.611,18.31,18.765,18.055,24.41K,0.0232,2010
18-Apr-10,18.189,17.89,18.07,17.815,0.01K,0.0294,2010
11-Apr-10,17.669,18.55,18.55,18.02,0.04K,-0.0366,2010
4-Apr-10,18.34,17.895,18.41,17.895,0.18K,0.026,2010
28-Mar-10,17.876,16.99,17.945,16.98,0.15K,0.0581,2010
21-Mar-10,16.894,16.835,16.95,16.59,0.35K,-0.0072,2010
14-Mar-10,17.017,17.06,17.52,16.99,0.75K,-0.0004,2010
7-Mar-10,17.024,17.385,17.54,16.88,1.75K,-0.0195,2010
28-Feb-10,17.362,16.5,17.475,16.32,3.60K,0.0522,2010
21-Feb-10,16.5,16.43,16.52,15.61,40.43K,0.0053,2010
14-Feb-10,16.413,15.66,16.39,15.66,0.07K,0.0624,2010
7-Feb-10,15.449,15.015,15.585,15,0.62K,0.0422,2010
31-Jan-10,14.823,16.19,16.72,15.01,0.21K,-0.084,2010
24-Jan-10,16.183,17.095,17.095,16.1,0.16K,-0.0434,2010
17-Jan-10,16.918,18.48,18.775,17.01,0.15K,-0.0811,2010
10-Jan-10,18.411,18.755,18.795,18.28,0.16K,-0.0025,2010
3-Jan-10,18.458,16.885,18.42,16.87,0.10K,0.0973,2010
27-Dec-09,16.822,17.58,17.585,16.76,0.32K,-0.0345,2009
20-Dec-09,17.423,17.4,17.455,16.8,0.17K,0.0068,2009
13-Dec-09,17.305,17.34,17.71,17.1,0.56K,0.0129,2009
6-Dec-09,17.084,18.36,18.54,16.93,1.33K,-0.0763,2009
29-Nov-09,18.496,18.345,19.42,18.11,8.97K,0.0106,2009
22-Nov-09,18.302,18.67,18.9,17.7,29.25K,-0.0071,2009
15-Nov-09,18.433,18,18.595,18,0.01K,0.0612,2009
8-Nov-09,17.37,17.645,17.7,17.085,0.11K,0.0003,2009
1-Nov-09,17.365,16.93,17.49,16.885,0.07K,0.0689,2009
25-Oct-09,16.246,17.39,17.39,16.91,0.08K,-0.0827,2009
18-Oct-09,17.711,17.535,17.535,17.535,0.20K,0.0176,2009
11-Oct-09,17.405,17.845,17.845,17.65,0.01K,-0.0153,2009
4-Oct-09,17.675,16.19,17.675,16.165,0.02K,0.0905,2009
27-Sep-09,16.208,16.05,16.63,16.035,0.09K,0.0106,2009
20-Sep-09,16.038,16.7,17.275,16,0.24K,-0.059,2009
13-Sep-09,17.043,16.53,17.555,16.395,0.48K,0.022,2009
6-Sep-09,16.676,16.315,16.965,16.115,0.84K,0.0254,2009
30-Aug-09,16.263,14.74,16.3,14.535,5.06K,0.1,2009
23-Aug-09,14.784,14.155,14.865,14.155,17.20K,0.0441,2009
16-Aug-09,14.16,13.61,14.26,13.61,0.10K,-0.0377,2009
9-Aug-09,14.715,14.45,15.1,14.45,0.05K,0.0037,2009
2-Aug-09,14.661,14.02,14.91,14.02,0.03K,0.0523,2009
26-Jul-09,13.933,13.895,14.05,13.265,0.15K,0.0045,2009
19-Jul-09,13.87,13.45,13.82,13.45,0.15K,0.0352,2009
12-Jul-09,13.398,12.665,13.395,12.48,0.59K,0.0602,2009
5-Jul-09,12.637,13.39,13.45,12.575,1.24K,-0.0564,2009
28-Jun-09,13.393,14.08,14.125,13.28,14.99K,-0.0513,2009
21-Jun-09,14.117,13.72,14.165,13.72,0.02K,-0.0051,2009
14-Jun-09,14.189,14.665,14.68,14.165,0.39K,-0.0455,2009
7-Jun-09,14.865,15.28,15.5,14.79,0.08K,-0.0332,2009
31-May-09,15.376,15.85,15.885,15.205,0.26K,-0.0144,2009
24-May-09,15.6,14.69,15.75,14.41,0.46K,0.0625,2009
17-May-09,14.683,13.78,14.76,13.78,0.39K,0.0495,2009
10-May-09,13.99,14.02,14.285,13.735,0.47K,0.0039,2009
3-May-09,13.935,12.465,14.065,12.425,1.23K,0.1166,2009
26-Apr-09,12.48,12.445,12.81,12.04,21.99K,-0.0337,2009
19-Apr-09,12.915,12.035,12.805,12.035,0.02K,0.0959,2009
12-Apr-09,11.785,12.72,12.915,12.27,0.04K,-0.0438,2009
5-Apr-09,12.325,12.485,12.51,12.1,0.18K,-0.0314,2009
29-Mar-09,12.725,13.34,13.345,12.65,0.25K,-0.0397,2009
22-Mar-09,13.251,13.75,13.85,13.145,0.33K,-0.0417,2009
15-Mar-09,13.827,13,13.795,11.94,1.21K,0.0451,2009
8-Mar-09,13.23,13.295,13.385,12.5,1.01K,-0.007,2009
1-Mar-09,13.323,13.09,13.5,12.455,3.28K,0.0182,2009
22-Feb-09,13.085,14.365,14.365,12.795,27.24K,-0.0968,2009
15-Feb-09,14.488,13.85,14.305,13.85,0.13K,0.0637,2009
8-Feb-09,13.62,13.005,13.53,12.88,0.18K,0.0353,2009
1-Feb-09,13.155,12.5,13.105,12.27,0.15K,0.0474,2009
25-Jan-09,12.56,12.1,12.59,11.89,0.56K,0.0526,2009
18-Jan-09,11.932,11.345,11.915,11.145,0.50K,0.0658,2009
11-Jan-09,11.195,10.71,11.25,10.37,0.25K,-0.0089,2009
4-Jan-09,11.295,10.92,11.485,10.88,0.45K,-0.0148,2009
28-Dec-08,11.465,10.965,11.525,10.78,0.30K,0.0916,2008
21-Dec-08,10.503,10.62,10.62,10.29,0.07K,-0.0292,2008
14-Dec-08,10.819,10.39,11.41,10.3,0.44K,0.0608,2008
7-Dec-08,10.199,10.235,10.445,9.65,0.31K,0.0849,2008
30-Nov-08,9.401,10.24,10.25,9.135,2.15K,-0.077,2008
23-Nov-08,10.185,10.225,10.455,10.08,17.42K,0.0744,2008
16-Nov-08,9.48,9.3,9.575,8.875,0.06K,-0.0011,2008
9-Nov-08,9.49,10.45,10.45,8.83,0.08K,-0.0475,2008
2-Nov-08,9.963,10.295,10.295,9.99,0.04K,0.0239,2008
26-Oct-08,9.73,9.025,9.92,8.78,0.14K,0.0468,2008
19-Oct-08,9.295,9.61,10.14,9.01,0.50K,-0.0016,2008
12-Oct-08,9.31,10.45,11.035,9.115,0.41K,-0.1171,2008
5-Oct-08,10.545,11.38,11.92,9.57,0.34K,-0.0643,2008
28-Sep-08,11.27,12.975,13.215,10.86,0.28K,-0.1626,2008
21-Sep-08,13.458,13.22,13.735,13.17,0.41K,0.0831,2008
14-Sep-08,12.425,10.795,12.83,10.46,0.51K,0.1574,2008
7-Sep-08,10.735,12.41,12.675,10.28,0.97K,-0.1233,2008
31-Aug-08,12.245,13.77,13.77,12.095,3.94K,-0.1001,2008
24-Aug-08,13.607,13.495,14.03,13.455,27.52K,0.0102,2008
17-Aug-08,13.47,13.155,13.615,12.99,0.02K,0.0523,2008
10-Aug-08,12.801,14.63,14.865,12.8,0.04K,-0.1635,2008
3-Aug-08,15.303,16.75,16.75,15.26,0.05K,-0.1246,2008
27-Jul-08,17.481,17.515,17.735,16.83,0.23K,0.009,2008
20-Jul-08,17.325,18.235,18.6,17.37,0.61K,-0.0447,2008
13-Jul-08,18.135,18.805,19.375,18.18,0.40K,-0.0325,2008
6-Jul-08,18.745,18.12,18.79,17.52,1.14K,0.0252,2008
29-Jun-08,18.285,17.57,18.41,17.22,2.55K,0.0377,2008
22-Jun-08,17.62,17.205,17.66,17.125,25.50K,0.0134,2008
15-Jun-08,17.387,16.84,17.66,16.84,0.03K,0.0512,2008
8-Jun-08,16.54,17.26,17.43,16.465,0.02K,-0.0493,2008
1-Jun-08,17.397,16.85,16.99,16.65,0.03K,0.0339,2008
25-May-08,16.827,18.285,18.29,16.53,0.51K,-0.0775,2008
18-May-08,18.241,17.16,18.21,17.005,0.23K,0.0791,2008
11-May-08,16.904,16.755,17.3,16.52,0.40K,0.0036,2008
4-May-08,16.843,16.51,17,16.45,1.28K,0.0282,2008
27-Apr-08,16.381,17.015,17.035,15.995,21.80K,-0.0276,2008
20-Apr-08,16.846,16.565,16.78,16.565,0.01K,-0.0537,2008
13-Apr-08,17.802,17.802,17.802,17.802,-,0.0076,2008
6-Apr-08,17.668,17.86,17.86,17.57,0.08K,-0.003,2008
30-Mar-08,17.722,18.125,18.125,16.455,0.22K,-0.0099,2008
23-Mar-08,17.9,17.19,18.34,16.87,0.32K,0.0652,2008
16-Mar-08,16.805,21.005,21.185,16.77,0.83K,-0.1832,2008
9-Mar-08,20.574,20.22,20.83,19.335,0.73K,0.0206,2008
2-Mar-08,20.158,19.78,21.1,19.4,3.29K,0.0177,2008
24-Feb-08,19.808,18.01,19.925,17.915,22.35K,0.0989,2008
17-Feb-08,18.025,17.16,17.28,17.05,0.01K,0.0542,2008
10-Feb-08,17.098,17.525,17.58,17.12,0.17K,0.0013,2008
3-Feb-08,17.075,16.445,17.05,16.445,0.42K,0.0149,2008
27-Jan-08,16.824,16.715,16.89,16.715,0.53K,0.0241,2008
20-Jan-08,16.428,15.515,16.055,15.51,0.73K,0.018,2008
13-Jan-08,16.138,16.025,16.045,16.025,0.27K,-0.0083,2008
6-Jan-08,16.273,15.185,15.78,15.185,0.17K,0.0604,2008
30-Dec-07,15.346,15.34,15.34,15.085,0.44K,0.039,2007
23-Dec-07,14.77,14.53,14.825,14.53,0.09K,0.0296,2007
16-Dec-07,14.346,13.6,14.385,13.6,0.23K,0.0376,2007
9-Dec-07,13.826,14.34,14.74,13.75,0.39K,-0.0348,2007
2-Dec-07,14.325,13.96,14.5,13.76,2.55K,0.0259,2007
25-Nov-07,13.963,14.835,14.835,13.76,21.45K,-0.0511,2007
18-Nov-07,14.715,14.715,14.715,14.715,-,0.016,2007
11-Nov-07,14.483,14.735,14.75,14.4,0.01K,-0.0656,2007
4-Nov-07,15.499,14.74,15.485,14.7,0.22K,0.0655,2007
28-Oct-07,14.546,14.3,14.45,14.3,0.02K,0.0235,2007
21-Oct-07,14.212,14.212,14.212,14.212,0.00K,0.0486,2007
14-Oct-07,13.553,13.855,13.865,13.8,0.01K,-0.0181,2007
7-Oct-07,13.803,13.61,13.855,13.61,0.00K,0.0317,2007
30-Sep-07,13.379,13.71,13.71,13.205,0.08K,-0.0301,2007
23-Sep-07,13.794,13.49,13.815,13.4,0.18K,0.0237,2007
16-Sep-07,13.474,12.595,13.485,12.595,0.91K,0.0741,2007
9-Sep-07,12.544,12.535,12.745,12.4,0.52K,-0.0038,2007
2-Sep-07,12.592,12.095,12.565,12,1.12K,0.0439,2007
26-Aug-07,12.063,11.895,12.11,11.725,13.42K,0.0116,2007
19-Aug-07,11.925,11.925,11.925,11.925,-,0.013,2007
12-Aug-07,11.772,11.772,11.772,11.772,0.01K,-0.0821,2007
5-Aug-07,12.825,12.825,12.825,12.825,0.02K,-0.021,2007
29-Jul-07,13.1,12.76,12.955,12.76,0.02K,0.0361,2007
22-Jul-07,12.643,13.255,13.42,12.615,0.33K,-0.0505,2007
15-Jul-07,13.315,13.055,13.385,12.92,0.43K,0.0234,2007
8-Jul-07,13.011,12.66,13.1,12.66,0.46K,0.0287,2007
1-Jul-07,12.648,12.405,12.73,12.405,2.11K,0.0239,2007
24-Jun-07,12.353,12.29,12.53,12.265,19.34K,-0.0504,2007
17-Jun-07,13.008,13.335,13.335,13.3,0.00K,-0.0171,2007
10-Jun-07,13.234,13.115,13.23,12.995,0.11K,0.0181,2007
3-Jun-07,12.999,13.765,13.765,13.48,0.05K,-0.0499,2007
27-May-07,13.681,13.06,13.2,13.04,0.17K,0.0577,2007
20-May-07,12.935,12.88,13.11,12.88,0.22K,0.0007,2007
13-May-07,12.926,13.225,13.225,12.785,0.34K,-0.0215,2007
6-May-07,13.21,13.52,13.56,12.97,0.40K,-0.0153,2007
29-Apr-07,13.415,13.445,13.585,13,2.70K,-0.0021,2007
22-Apr-07,13.443,13.33,13.55,13.23,17.15K,-0.0355,2007
15-Apr-07,13.938,13.995,13.995,13.87,0.23K,-0.0085,2007
8-Apr-07,14.058,13.87,14.1,13.78,0.02K,0.0266,2007
1-Apr-07,13.694,13.1,13.425,13.02,0.00K,0.0227,2007
25-Mar-07,13.39,13.32,13.47,13.16,0.49K,0.0181,2007
18-Mar-07,13.152,13.11,13.35,13.11,0.43K,0.0019,2007
11-Mar-07,13.127,12.885,13.12,12.64,0.33K,0.02,2007
4-Mar-07,12.87,12.86,13.12,12.47,0.70K,0.0019,2007
25-Feb-07,12.845,14.715,14.72,12.705,25.55K,-0.1195,2007
18-Feb-07,14.589,14.65,14.65,14.65,0.00K,0.0443,2007
11-Feb-07,13.97,13.97,13.97,13.97,-,0.0066,2007
4-Feb-07,13.879,13.65,13.81,13.65,0.03K,0.0414,2007
28-Jan-07,13.327,13.535,13.62,13.3,0.10K,0.0013,2007
21-Jan-07,13.31,12.865,13.43,12.855,0.19K,0.0362,2007
14-Jan-07,12.845,12.7,12.7,12.7,0.21K,0.0037,2007
7-Jan-07,12.798,12.25,12.25,12.2,0.21K,0.0551,2007
31-Dec-06,12.13,12.72,12.73,12.72,0.37K,-0.0537,2006
24-Dec-06,12.818,12.62,12.88,12.6,0.18K,0.0248,2006
17-Dec-06,12.508,12.8,12.8,12.23,0.41K,-0.0246,2006
10-Dec-06,12.823,13.715,13.88,12.82,0.84K,-0.0653,2006
3-Dec-06,13.719,14.185,14.185,13.5,0.77K,-0.0205,2006
26-Nov-06,14.006,13.62,14.02,13.54,17.72K,0.0749,2006
19-Nov-06,13.03,13.03,13.03,13.03,0.70K,0.0196,2006
12-Nov-06,12.779,12.779,12.779,12.779,0.19K,-0.0228,2006
5-Nov-06,13.077,13.077,13.077,13.077,0.13K,0.0391,2006
29-Oct-06,12.585,12.585,12.585,12.585,0.33K,0.0474,2006
22-Oct-06,12.015,12.015,12.015,12.015,0.01K,0.0105,2006
15-Oct-06,11.89,11.89,11.89,11.89,0.15K,0.0252,2006
8-Oct-06,11.598,11.28,11.28,11.28,0.00K,0.0463,2006
1-Oct-06,11.085,11.03,11.03,11.03,0.03K,-0.0319,2006
24-Sep-06,11.45,11.3,11.61,11.3,0.13K,0.0221,2006
17-Sep-06,11.202,10.95,11.24,10.84,0.07K,0.0411,2006
10-Sep-06,10.76,11.805,11.805,10.45,0.37K,-0.1153,2006
3-Sep-06,12.163,12.97,13.26,11.98,0.90K,-0.0611,2006
27-Aug-06,12.955,12.15,13,12.15,15.95K,0.0482,2006
20-Aug-06,12.359,12.359,12.359,12.359,0.11K,0.0291,2006
13-Aug-06,12.01,12.01,12.01,12.01,0.27K,0.0132,2006
6-Aug-06,11.853,12.2,12.2,12.2,0.23K,-0.0472,2006
30-Jul-06,12.44,12.44,12.44,12.44,0.11K,0.0989,2006
23-Jul-06,11.32,10.78,11.45,10.76,0.34K,0.0496,2006
16-Jul-06,10.785,11.5,11.67,10.65,0.31K,-0.0581,2006
9-Jul-06,11.45,11.145,11.78,10.945,0.33K,0.011,2006
2-Jul-06,11.325,10.86,11.52,10.86,2.32K,0.0454,2006
25-Jun-06,10.833,10.18,11.05,10.13,13.86K,0.0547,2006
18-Jun-06,10.271,9.87,9.87,9.87,0.29K,0.0159,2006
11-Jun-06,10.11,9.75,10.07,9.75,0.12K,-0.0955,2006
4-Jun-06,11.177,12.1,12.14,11.44,0.24K,-0.0713,2006
28-May-06,12.035,13.05,13.05,13.05,0.22K,-0.0505,2006
21-May-06,12.675,12.28,13.05,12.2,1.48K,0.0324,2006
14-May-06,12.277,13.28,13.68,12,0.57K,-0.1321,2006
7-May-06,14.146,13.82,14.97,13.34,1.41K,0.0257,2006
30-Apr-06,13.792,13.58,14.3,13,3.16K,0.0209,2006
23-Apr-06,13.51,12.67,13.76,12.19,22.69K,0.042,2006
16-Apr-06,12.965,13.2,13.55,13.2,1.00K,0.0107,2006
9-Apr-06,12.828,12.3,12.945,12.3,0.09K,0.0659,2006
2-Apr-06,12.035,11.63,12.12,11.63,0.31K,0.0483,2006
26-Mar-06,11.48,10.86,11.62,10.79,0.86K,0.0741,2006
19-Mar-06,10.688,10.3,10.74,10.17,0.46K,0.0371,2006
12-Mar-06,10.306,9.915,10.45,9.9,0.67K,0.0415,2006
5-Mar-06,9.895,10.12,10.22,9.64,1.45K,-0.0262,2006
26-Feb-06,10.161,9.69,10.225,9.52,22.64K,0.044,2006
19-Feb-06,9.733,9.733,9.733,9.733,-,0.0345,2006
12-Feb-06,9.408,9.29,9.3,9.25,0.11K,0.0051,2006
5-Feb-06,9.36,9.35,9.35,9.35,0.05K,-0.038,2006
29-Jan-06,9.73,9.66,9.87,9.66,0.08K,0.0171,2006
22-Jan-06,9.566,8.9,9.65,8.9,0.55K,0.0773,2006
15-Jan-06,8.88,9.04,9.04,8.805,0.13K,-0.0255,2006
8-Jan-06,9.112,9.2,9.24,8.9,0.10K,0,2006
1-Jan-06,9.112,9.03,9.07,8.95,0.19K,0.0331,2006
25-Dec-05,8.82,8.59,8.95,8.59,0.52K,0.0293,2005
18-Dec-05,8.569,8.605,8.605,8.26,0.17K,0.0056,2005
11-Dec-05,8.521,9,9.17,8.355,0.77K,-0.0532,2005
4-Dec-05,9,8.57,9.03,8.5,1.67K,0.0534,2005
27-Nov-05,8.544,8.3,8.6,8.175,21.78K,0.0516,2005
20-Nov-05,8.125,8.125,8.125,8.125,0.10K,0.0089,2005
13-Nov-05,8.053,8.053,8.053,8.053,16.63K,0.0406,2005
6-Nov-05,7.739,7.739,7.739,7.739,0.04K,0.0254,2005
30-Oct-05,7.547,7.4,7.4,7.4,0.12K,-0.0312,2005
23-Oct-05,7.79,7.79,7.79,7.79,-,0.0176,2005
16-Oct-05,7.655,7.74,7.74,7.74,0.17K,-0.0203,2005
9-Oct-05,7.814,7.67,7.67,7.62,0.31K,0.0115,2005
2-Oct-05,7.725,7.725,7.725,7.725,0.11K,0.0358,2005
25-Sep-05,7.458,7.29,7.36,7.28,0.44K,0.0254,2005
18-Sep-05,7.273,7.22,7.39,7.2,0.49K,0.0061,2005
11-Sep-05,7.229,7.03,7.07,6.9,0.52K,0.0323,2005
4-Sep-05,7.003,7,7.09,6.955,0.34K,-0.0007,2005
28-Aug-05,7.008,6.72,7.035,6.63,19.79K,0.0398,2005
21-Aug-05,6.74,6.91,6.91,6.91,0.01K,-0.0371,2005
14-Aug-05,7,6.92,6.95,6.92,0.02K,-0.0107,2005
7-Aug-05,7.076,7.076,7.076,7.076,0.12K,-0.0085,2005
31-Jul-05,7.137,7.137,7.137,7.137,0.25K,-0.014,2005
24-Jul-05,7.238,7.1,7.12,6.95,0.32K,0.0215,2005
17-Jul-05,7.086,6.94,7.15,6.94,0.19K,0.0187,2005
10-Jul-05,6.956,7.005,7.1,6.9,0.47K,-0.0054,2005
3-Jul-05,6.994,6.87,7.05,6.81,0.66K,0.0209,2005
26-Jun-05,6.851,7.17,7.17,6.84,15.17K,-0.0587,2005
19-Jun-05,7.278,7.235,7.27,7.235,0.00K,-0.0071,2005
12-Jun-05,7.33,7.33,7.33,7.33,0.00K,0.0074,2005
5-Jun-05,7.276,7.276,7.276,7.276,0.23K,-0.0286,2005
29-May-05,7.49,7.58,7.58,7.58,0.25K,0.0257,2005
22-May-05,7.302,6.965,7.18,6.965,0.13K,0.0529,2005
15-May-05,6.935,6.915,7.175,6.89,0.43K,0.0014,2005
8-May-05,6.925,6.98,7.14,6.89,0.43K,-0.0039,2005
1-May-05,6.952,6.925,7.08,6.77,3.57K,0.0071,2005
24-Apr-05,6.903,7.135,7.15,6.85,18.54K,-0.0506,2005
17-Apr-05,7.271,7.271,7.271,7.271,0.01K,0.0361,2005
10-Apr-05,7.018,7.018,7.018,7.018,-,-0.02,2005
3-Apr-05,7.161,7.1,7.1,7.1,0.04K,0.0245,2005
27-Mar-05,6.99,6.9,7.05,6.86,0.26K,0.0082,2005
20-Mar-05,6.933,7.38,7.38,6.93,0.81K,-0.0602,2005
13-Mar-05,7.377,7.53,7.53,7.29,1.08K,-0.021,2005
6-Mar-05,7.535,7.365,7.64,7.29,0.47K,0.0253,2005
27-Feb-05,7.349,7.32,7.42,7.1,9.82K,0.008,2005
20-Feb-05,7.291,7.365,7.375,7.19,15.96K,-0.0165,2005
13-Feb-05,7.413,7.21,7.21,7.21,0.01K,0.0294,2005
6-Feb-05,7.201,6.52,6.52,6.52,0.00K,0.0869,2005
30-Jan-05,6.625,6.625,6.625,6.625,-,-0.0269,2005
23-Jan-05,6.808,6.79,6.89,6.79,0.01K,0.0016,2005
16-Jan-05,6.797,6.797,6.797,6.797,-,0.033,2005
9-Jan-05,6.58,6.43,6.7,6.415,0.11K,0.0235,2005
2-Jan-05,6.429,6.74,6.74,6.415,0.27K,-0.0555,2005
26-Dec-04,6.807,7.065,7.065,6.8,0.17K,-0.011,2004
19-Dec-04,6.883,6.845,6.94,6.83,0.03K,0.0173,2004
12-Dec-04,6.766,6.7,6.94,6.6,0.35K,0.0089,2004
5-Dec-04,6.706,8.02,8.02,6.605,1.74K,-0.1613,2004
28-Nov-04,7.996,7.64,8.19,7.605,30.02K,0.0587,2004
21-Nov-04,7.553,7.58,7.58,7.58,0.02K,-0.0058,2004
14-Nov-04,7.597,7.597,7.597,7.597,-,-0.0024,2004
7-Nov-04,7.615,7.47,7.47,7.47,-,0.0163,2004
31-Oct-04,7.493,7.493,7.493,7.493,-,0.0276,2004
24-Oct-04,7.292,7.34,7.34,7.34,0.13K,-0.003,2004
17-Oct-04,7.314,7.314,7.314,7.314,0.13K,0.0314,2004
10-Oct-04,7.091,7.091,7.091,7.091,0.03K,-0.025,2004
3-Oct-04,7.273,7.26,7.26,7.26,0.00K,0.0513,2004
26-Sep-04,6.918,6.42,6.65,6.42,0.15K,0.0801,2004
19-Sep-04,6.405,6.23,6.45,6.22,0.12K,0.0233,2004
12-Sep-04,6.259,6.11,6.305,6.08,0.17K,0.0205,2004
5-Sep-04,6.133,6.585,6.585,6.065,0.74K,-0.0641,2004
29-Aug-04,6.553,6.605,6.84,6.5,16.28K,-0.0053,2004
22-Aug-04,6.588,6.588,6.588,6.588,-,-0.0405,2004
15-Aug-04,6.866,6.9,6.9,6.87,0.01K,0.0376,2004
8-Aug-04,6.617,6.617,6.617,6.617,0.02K,-0.0222,2004
1-Aug-04,6.767,6.767,6.767,6.767,0.00K,0.0331,2004
25-Jul-04,6.55,6.31,6.5,6.16,0.13K,0.0341,2004
18-Jul-04,6.334,6.69,6.69,6.26,0.21K,-0.0563,2004
11-Jul-04,6.712,6.55,6.75,6.28,0.27K,0.0388,2004
4-Jul-04,6.461,6.01,6.54,5.9,1.17K,0.0772,2004
27-Jun-04,5.998,5.908,6.05,5.73,19.03K,-0.0207,2004
20-Jun-04,6.125,6.125,6.125,6.125,-,0.0241,2004
13-Jun-04,5.981,5.981,5.981,5.981,0.01K,0.0411,2004
6-Jun-04,5.745,5.745,5.745,5.745,0.05K,-0.01,2004
30-May-04,5.803,5.803,5.803,5.803,-,-0.0495,2004
23-May-04,6.105,5.835,6.15,5.835,0.07K,0.0413,2004
16-May-04,5.863,5.82,5.925,5.675,0.27K,0.0248,2004
9-May-04,5.721,5.555,5.74,5.495,0.54K,0.0236,2004
2-May-04,5.589,6.07,6.16,5.57,1.13K,-0.0474,2004
25-Apr-04,5.867,5.9,5.9,5.9,0.00K,-0.0473,2004
18-Apr-04,6.158,6.13,6.13,6.13,0.02K,-0.1375,2004
11-Apr-04,7.14,8.105,8.105,7.43,0.01K,-0.1169,2004
4-Apr-04,8.085,8.085,8.085,8.085,0.31K,-0.0075,2004
28-Mar-04,8.146,7.7,8.075,7.625,0.14K,0.057,2004
21-Mar-04,7.707,7.71,7.75,7.51,0.35K,0.0207,2004
14-Mar-04,7.551,7.055,7.59,7.055,0.14K,0.0709,2004
7-Mar-04,7.051,6.945,7.25,6.89,0.89K,0.01,2004
29-Feb-04,6.981,6.7,7.02,6.57,3.44K,0.0426,2004
22-Feb-04,6.696,6.55,6.78,6.3,18.77K,0.0254,2004
15-Feb-04,6.53,6.53,6.53,6.53,0.17K,-0.0074,2004
8-Feb-04,6.579,6.27,6.545,6.27,0.01K,0.0484,2004
1-Feb-04,6.275,6.115,6.28,6.115,0.28K,0.0046,2004
25-Jan-04,6.246,6.3,6.52,6.3,0.04K,-0.0172,2004
18-Jan-04,6.355,6.36,6.36,6.26,0.20K,0.0052,2004
11-Jan-04,6.322,6.66,6.67,6.25,0.14K,-0.0251,2004
4-Jan-04,6.485,6.2,6.3,6.15,0.05K,0.0894,2004
28-Dec-03,5.953,5.88,5.96,5.88,0.09K,0.0299,2003
21-Dec-03,5.78,5.72,5.79,5.715,0.06K,0.0101,2003
14-Dec-03,5.722,5.6,5.725,5.58,0.19K,0.0178,2003
7-Dec-03,5.622,5.49,5.69,5.47,0.70K,0.0274,2003
30-Nov-03,5.472,5.36,5.55,5.355,2.53K,0.0218,2003
23-Nov-03,5.355,5.28,5.39,5.28,3.91K,0.0121,2003
16-Nov-03,5.291,5.291,5.291,5.291,-,-0.0222,2003
9-Nov-03,5.411,5.055,5.07,5.055,0.02K,0.0711,2003
2-Nov-03,5.052,5.052,5.052,5.052,-,-0.0014,2003
26-Oct-03,5.059,5.15,5.15,5.15,0.01K,-0.0196,2003
19-Oct-03,5.16,5.17,5.17,5.17,0.00K,0.0456,2003
12-Oct-03,4.935,4.935,4.935,4.935,-,0.0061,2003
5-Oct-03,4.905,4.87,4.87,4.805,0.10K,0.0155,2003
28-Sep-03,4.83,5.2,5.2,5.04,0.02K,-0.0598,2003
21-Sep-03,5.137,5.345,5.36,5.18,0.58K,-0.0275,2003
14-Sep-03,5.282,5.22,5.35,5.09,0.78K,0.016,2003
7-Sep-03,5.199,5.1,5.365,5.09,0.59K,0.0136,2003
31-Aug-03,5.129,5.135,5.17,4.97,1.48K,0.0039,2003
24-Aug-03,5.109,5.125,5.18,5.065,9.10K,0.0232,2003
17-Aug-03,4.993,4.993,4.993,4.993,-,0.0142,2003
10-Aug-03,4.923,4.82,4.82,4.82,0.00K,-0.013,2003
3-Aug-03,4.988,4.988,4.988,4.988,-,-0.0206,2003
27-Jul-03,5.093,5.12,5.17,5.12,0.04K,0.0045,2003
20-Jul-03,5.07,4.76,5.175,4.76,0.41K,0.0732,2003
13-Jul-03,4.724,4.78,4.8,4.64,0.52K,-0.0154,2003
6-Jul-03,4.798,4.68,4.88,4.655,1.00K,0.0615,2003
22-Jun-03,4.52,4.52,4.52,4.52,0.00K,-0.0011,2003
15-Jun-03,4.525,4.525,4.525,4.525,9.75K,-0.0098,2003
8-Jun-03,4.57,4.65,4.65,4.65,0.03K,0.0071,2003
1-Jun-03,4.538,4.5,4.5,4.49,0.00K,0.0027,2003
25-May-03,4.526,4.665,4.665,4.58,0.15K,-0.0244,2003
18-May-03,4.639,4.815,4.84,4.625,0.30K,-0.0299,2003
11-May-03,4.782,4.785,4.88,4.75,0.13K,-0.001,2003
4-May-03,4.787,4.8,4.84,4.73,0.46K,0.0006,2003
27-Apr-03,4.784,4.58,4.8,4.545,12.62K,0.0333,2003
20-Apr-03,4.63,4.46,4.46,4.46,0.00K,0.0367,2003
13-Apr-03,4.466,4.5,4.5,4.5,0.01K,-0.0051,2003
6-Apr-03,4.489,4.45,4.45,4.45,0.01K,0.0177,2003
30-Mar-03,4.411,4.411,4.411,4.411,-,-0.0041,2003
23-Mar-03,4.429,4.38,4.42,4.35,0.20K,0.0191,2003
16-Mar-03,4.346,4.58,4.58,4.355,0.32K,-0.04,2003
9-Mar-03,4.527,4.685,4.685,4.5,0.14K,-0.0319,2003
2-Mar-03,4.676,4.58,4.69,4.575,0.76K,0.0045,2003
23-Feb-03,4.655,4.655,4.655,4.655,-,-0.0017,2003
16-Feb-03,4.663,4.663,4.663,4.663,-,0.0291,2003
9-Feb-03,4.531,4.55,4.55,4.54,0.04K,-0.0248,2003
2-Feb-03,4.646,4.646,4.646,4.646,-,-0.0427,2003
26-Jan-03,4.853,4.87,4.87,4.87,0.02K,-0.0045,2003
19-Jan-03,4.875,4.76,4.78,4.76,0.01K,0.016,2003
12-Jan-03,4.798,4.83,4.83,4.76,0.01K,-0.0126,2003
5-Jan-03,4.859,4.88,4.885,4.88,0.63K,-0.0067,2003
29-Dec-02,4.892,4.7,4.7,4.7,0.00K,0.0382,2003
22-Dec-02,4.712,4.655,4.705,4.63,0.32K,0.0177,2002
15-Dec-02,4.63,4.69,4.74,4.61,0.70K,-0.0157,2002
8-Dec-02,4.704,4.6,4.78,4.54,0.27K,0.0155,2002
1-Dec-02,4.632,4.425,4.68,4.4,1.88K,0.0494,2002
24-Nov-02,4.414,4.435,4.445,4.405,3.51K,-0.028,2002
17-Nov-02,4.541,4.541,4.541,4.541,-,-0.007,2002
10-Nov-02,4.573,4.56,4.56,4.56,0.01K,0.0104,2002
3-Nov-02,4.526,4.526,4.526,4.526,-,0.0094,2002
27-Oct-02,4.484,4.484,4.484,4.484,-,0.0193,2002
20-Oct-02,4.399,4.35,4.35,4.35,0.00K,0.0108,2002
13-Oct-02,4.352,4.34,4.34,4.34,0.12K,0.0102,2002
6-Oct-02,4.308,4.315,4.34,4.3,0.19K,-0.0373,2002
29-Sep-02,4.475,4.475,4.475,4.475,0.17K,-0.0027,2002
22-Sep-02,4.487,4.625,4.655,4.485,0.32K,-0.0307,2002
15-Sep-02,4.629,4.545,4.67,4.52,0.26K,0.0165,2002
8-Sep-02,4.554,4.53,4.625,4.51,0.14K,0.0093,2002
1-Sep-02,4.512,4.461,4.57,4.43,0.86K,0.0169,2002
25-Aug-02,4.437,4.5,4.56,4.42,5.99K,0.0038,2002
18-Aug-02,4.42,4.42,4.42,4.42,-,-0.0156,2002
11-Aug-02,4.49,4.49,4.49,4.49,-,-0.0379,2002
4-Aug-02,4.667,4.667,4.667,4.667,-,0.0168,2002
28-Jul-02,4.59,4.68,4.69,4.61,0.05K,-0.0152,2002
21-Jul-02,4.661,5.05,5.07,4.61,0.54K,-0.0794,2002
14-Jul-02,5.063,5.14,5.14,4.97,0.62K,0.0034,2002
7-Jul-02,5.046,4.89,5.11,4.89,0.33K,0.0225,2002
30-Jun-02,4.935,4.845,4.98,4.8,1.67K,0.0211,2002
23-Jun-02,4.833,4.83,4.89,4.8,13.49K,-0.0039,2002
16-Jun-02,4.852,4.84,4.84,4.84,0.01K,0.001,2002
9-Jun-02,4.847,4.8,4.8,4.8,0.91K,-0.0249,2002
2-Jun-02,4.971,5.15,5.15,4.97,0.07K,-0.0109,2002
26-May-02,5.026,4.89,4.98,4.84,0.23K,0.0348,2002
19-May-02,4.857,4.68,4.91,4.68,0.05K,0.0436,2002
12-May-02,4.654,4.68,4.71,4.58,0.94K,-0.0009,2002
5-May-02,4.658,4.59,4.67,4.565,0.25K,0.0133,2002
28-Apr-02,4.597,4.65,4.66,4.505,10.15K,-0.0108,2002
21-Apr-02,4.647,4.647,4.647,4.647,0.01K,0.0331,2002
14-Apr-02,4.498,4.498,4.498,4.498,0.00K,-0.0196,2002
7-Apr-02,4.588,4.61,4.62,4.57,0.01K,0.0037,2002
31-Mar-02,4.571,4.7,4.7,4.7,0.12K,-0.0151,2002
24-Mar-02,4.641,4.55,4.6,4.52,0.09K,0.0243,2002
17-Mar-02,4.531,4.52,4.55,4.49,0.29K,0.0109,2002
10-Mar-02,4.482,4.525,4.54,4.455,0.19K,-0.0022,2002
3-Mar-02,4.492,4.53,4.63,4.46,0.42K,-0.0125,2002
24-Feb-02,4.549,4.43,4.575,4.395,10.48K,0.035,2002
17-Feb-02,4.395,4.395,4.395,4.395,-,-0.0309,2002
10-Feb-02,4.535,4.535,4.535,4.535,0.00K,0.0186,2002
3-Feb-02,4.452,4.28,4.38,4.28,0.32K,0.0339,2002
27-Jan-02,4.306,4.306,4.306,4.306,-,0.0019,2002
20-Jan-02,4.298,4.298,4.298,4.298,-,-0.0092,2002
13-Jan-02,4.338,4.58,4.59,4.575,0.05K,-0.0753,2002
6-Jan-02,4.691,4.6,4.72,4.6,0.13K,0.0106,2002
30-Dec-01,4.642,4.5,4.58,4.5,0.06K,0.0341,2002
23-Dec-01,4.489,4.49,4.56,4.475,0.05K,0.0054,2001
16-Dec-01,4.465,4.34,4.48,4.325,0.07K,0.0248,2001
9-Dec-01,4.357,4.22,4.35,4.2,0.53K,0.0252,2001
2-Dec-01,4.25,4.135,4.26,4.08,0.64K,0.0296,2001
25-Nov-01,4.128,4.115,4.16,4.05,10.15K,0.0236,2001
18-Nov-01,4.033,4.033,4.033,4.033,0.18K,-0.0147,2001
11-Nov-01,4.093,4.093,4.093,4.093,0.21K,0.0057,2001
4-Nov-01,4.07,4.09,4.09,4.08,0.03K,-0.0071,2001
28-Oct-01,4.099,4.22,4.22,4.13,0.02K,-0.0247,2001
21-Oct-01,4.203,4.15,4.22,4.15,0.05K,-0.0129,2001
14-Oct-01,4.258,4.29,4.29,4.29,0.01K,-0.0427,2001
7-Oct-01,4.448,4.46,4.46,4.46,0.02K,-0.0465,2001
30-Sep-01,4.665,4.67,4.67,4.67,0.03K,0.0039,2001
23-Sep-01,4.647,4.53,4.61,4.49,0.20K,0.012,2001
16-Sep-01,4.592,4.29,4.66,4.27,0.20K,0.0696,2001
9-Sep-01,4.293,4.15,4.175,4.14,0.06K,0.036,2001
2-Sep-01,4.144,4.155,4.17,4.135,0.72K,-0.0043,2001
26-Aug-01,4.162,4.185,4.19,4.14,13.04K,-0.0048,2001
19-Aug-01,4.182,4.182,4.182,4.182,0.05K,-0.0176,2001
12-Aug-01,4.257,4.257,4.257,4.257,0.09K,0.0295,2001
5-Aug-01,4.135,4.21,4.21,4.21,0.00K,-0.0185,2001
29-Jul-01,4.213,4.185,4.21,4.185,0.03K,0.0026,2001
22-Jul-01,4.202,4.24,4.24,4.22,0.05K,-0.004,2001
15-Jul-01,4.219,4.26,4.28,4.18,0.14K,-0.0147,2001
8-Jul-01,4.282,4.215,4.26,4.2,0.14K,0.0111,2001
1-Jul-01,4.235,4.26,4.28,4.18,1.04K,-0.0133,2001
24-Jun-01,4.292,4.31,4.325,4.28,12.38K,-0.0016,2001
17-Jun-01,4.299,4.4,4.4,4.4,9.20K,-0.0214,2001
10-Jun-01,4.393,4.393,4.393,4.393,0.10K,0.008,2001
3-Jun-01,4.358,4.32,4.32,4.32,0.01K,-0.0116,2001
27-May-01,4.409,4.409,4.409,4.409,0.04K,-0.0337,2001
20-May-01,4.563,4.635,4.635,4.505,0.08K,0.0024,2001
13-May-01,4.552,4.43,4.48,4.43,0.03K,0.0561,2001
6-May-01,4.31,4.315,4.34,4.305,0.24K,-0.0039,2001
29-Apr-01,4.327,4.36,4.39,4.31,1.59K,-0.0069,2001
22-Apr-01,4.357,4.38,4.41,4.35,11.22K,-0.0176,2001
15-Apr-01,4.435,4.435,4.435,4.435,0.01K,0.0177,2001
8-Apr-01,4.358,4.358,4.358,4.358,0.06K,0.0086,2001
1-Apr-01,4.321,4.321,4.321,4.321,0.02K,0.0101,2001
25-Mar-01,4.278,4.355,4.385,4.34,0.08K,-0.0147,2001
18-Mar-01,4.342,4.285,4.33,4.28,0.34K,0.0126,2001
11-Mar-01,4.288,4.495,4.495,4.27,0.78K,-0.0446,2001
4-Mar-01,4.488,4.38,4.52,4.38,1.02K,0.0156,2001
25-Feb-01,4.419,4.44,4.54,4.39,15.81K,-0.0027,2001
18-Feb-01,4.431,4.431,4.431,4.431,-,-0.0127,2001
11-Feb-01,4.488,4.488,4.488,4.488,0.01K,-0.0143,2001
4-Feb-01,4.553,4.553,4.553,4.553,-,-0.0451,2001
28-Jan-01,4.768,4.77,4.77,4.74,0.17K,-0.0077,2001
21-Jan-01,4.805,4.805,4.805,4.805,-,0.0118,2001
14-Jan-01,4.749,4.749,4.749,4.749,-,0.0275,2001
7-Jan-01,4.622,4.53,4.53,4.53,0.11K,0.0147,2001
31-Dec-00,4.555,4.5,4.5,4.5,0.08K,-0.0065,2001
24-Dec-00,4.585,4.56,4.56,4.56,0.05K,-0.0056,2000
17-Dec-00,4.611,4.58,4.65,4.58,1.29K,0.0105,2000
10-Dec-00,4.563,4.655,4.675,4.55,0.31K,-0.0183,2000
3-Dec-00,4.648,4.65,4.765,4.65,0.90K,0.0017,2000
26-Nov-00,4.64,4.695,4.71,4.6,28.57K,0.0032,2000
19-Nov-00,4.625,4.625,4.625,4.625,-,-0.0043,2000
12-Nov-00,4.645,4.7,4.7,4.68,0.02K,-0.0132,2000
5-Nov-00,4.707,4.707,4.707,4.707,-,-0.0072,2000
29-Oct-00,4.741,4.77,4.77,4.77,0.01K,-0.0011,2000
22-Oct-00,4.746,4.775,4.775,4.775,0.01K,-0.017,2000
15-Oct-00,4.828,4.828,4.828,4.828,-,-0.0113,2000
8-Oct-00,4.883,4.883,4.883,4.883,-,0,2000
1-Oct-00,4.883,4.84,4.84,4.84,0.01K,-0.0033,2000
24-Sep-00,4.899,4.9,4.93,4.86,0.25K,-0.0022,2000
17-Sep-00,4.91,4.89,4.9,4.83,0.17K,0.0086,2000
10-Sep-00,4.868,4.905,4.94,4.855,0.63K,-0.0112,2000
3-Sep-00,4.923,4.99,5.005,4.91,2.76K,-0.0162,2000
27-Aug-00,5.004,4.95,5.045,4.895,20.73K,0.0239,2000
20-Aug-00,4.887,4.887,4.887,4.887,0.00K,0.0093,2000
13-Aug-00,4.842,4.82,4.82,4.82,0.00K,-0.0165,2000
6-Aug-00,4.923,4.88,4.88,4.88,0.01K,0.0022,2000
30-Jul-00,4.912,4.912,4.912,4.912,-,-0.0113,2000
23-Jul-00,4.968,4.95,5,4.91,0.21K,0.0085,2000
16-Jul-00,4.926,5,5.04,4.955,0.49K,-0.0154,2000
9-Jul-00,5.003,5.04,5.04,4.95,0.19K,0.0034,2000
2-Jul-00,4.986,5.02,5.02,4.96,0.91K,-0.0093,2000
25-Jun-00,5.033,4.98,5.06,4.97,19.97K,0.0172,2000
18-Jun-00,4.948,4.948,4.948,4.948,-,-0.0237,2000
11-Jun-00,5.068,5.068,5.068,5.068,0.00K,0.0056,2000
4-Jun-00,5.04,5.04,5.04,5.04,-,0.0028,2000
28-May-00,5.026,5.026,5.026,5.026,-,0.018,2000
21-May-00,4.937,5.04,5.04,4.9,0.10K,-0.0116,2000
14-May-00,4.995,5,5.12,4.98,0.24K,-0.0048,2000
7-May-00,5.019,5.015,5.085,4.99,0.48K,0.0026,2000
30-Apr-00,5.006,4.94,5.135,4.94,1.80K,0.0093,2000
23-Apr-00,4.96,4.96,4.985,4.925,17.15K,-0.0058,2000
16-Apr-00,4.989,4.989,4.989,4.989,-,-0.0335,2000
9-Apr-00,5.162,5.162,5.162,5.162,0.10K,0.0114,2000
2-Apr-00,5.104,5.05,5.05,5.05,0.07K,0.0167,2000
26-Mar-00,5.02,5.115,5.115,4.97,0.08K,-0.0193,2000
19-Mar-00,5.119,5.075,5.18,5.045,0.26K,0.0053,2000
12-Mar-00,5.092,5.095,5.145,5.075,0.28K,0.0055,2000
5-Mar-00,5.064,5.09,5.14,5.05,0.89K,-0.0069,2000
27-Feb-00,5.099,5.045,5.13,5,18.50K,0.0125,2000
20-Feb-00,5.036,5.26,5.26,5.26,0.01K,-0.0449,2000
13-Feb-00,5.273,5.23,5.23,5.23,0.11K,-0.0111,2000
6-Feb-00,5.332,5.34,5.34,5.34,0.13K,-0.0388,2000
30-Jan-00,5.547,5.26,5.42,5.21,0.35K,0.0452,2000
23-Jan-00,5.307,5.307,5.307,5.307,-,0.0163,2000
16-Jan-00,5.222,5.2,5.2,5.2,0.04K,0.0215,2000
9-Jan-00,5.112,5.195,5.195,5.11,0.19K,-0.0074,2000
2-Jan-00,5.15,5.29,5.29,5.29,0.05K,-0.0486,2000
26-Dec-99,5.413,5.21,5.37,5.2,0.08K,0.0436,2000
19-Dec-99,5.187,5.23,5.23,5.145,0.57K,-0.0054,1999
12-Dec-99,5.215,5.08,5.25,5.08,0.43K,0.0205,1999
5-Dec-99,5.11,5.085,5.155,5.04,0.60K,0.0055,1999
28-Nov-99,5.082,5.225,5.25,5.035,18.50K,-0.0292,1999
21-Nov-99,5.235,5.12,5.12,5.12,0.00K,0.0205,1999
14-Nov-99,5.13,5.14,5.14,5.14,0.08K,0.0168,1999
7-Nov-99,5.045,5.045,5.045,5.045,-,-0.0059,1999
31-Oct-99,5.075,5.18,5.18,5.18,0.20K,-0.0188,1999
24-Oct-99,5.172,5.172,5.172,5.172,0.16K,-0.0101,1999
17-Oct-99,5.225,5.225,5.225,5.225,0.13K,-0.0151,1999
10-Oct-99,5.305,5.54,5.54,5.54,0.11K,-0.036,1999
3-Oct-99,5.503,5.503,5.503,5.503,-,-0.0067,1999
26-Sep-99,5.54,5.32,5.8,5.31,0.09K,0.0597,1999
19-Sep-99,5.228,5.095,5.3,5.095,0.23K,0.0279,1999
12-Sep-99,5.086,5.17,5.17,5.065,0.33K,-0.0183,1999
5-Sep-99,5.181,5.15,5.205,5.12,0.64K,0.0115,1999
29-Aug-99,5.122,5.11,5.21,5.03,11.69K,0.0051,1999
22-Aug-99,5.096,5.141,5.146,5.091,-,-0.0291,1999
15-Aug-99,5.249,5.242,5.249,5.214,0.04K,-0.0109,1999
8-Aug-99,5.307,5.322,5.357,5.3,0.01K,-0.0158,1999
1-Aug-99,5.392,5.362,5.485,5.362,-,-0.0092,1999
25-Jul-99,5.442,5.12,5.442,5.1,0.11K,0.0569,1999
18-Jul-99,5.149,5.07,5.175,5.055,0.33K,0.011,1999
11-Jul-99,5.093,5.245,5.26,5.06,1.03K,-0.0316,1999
4-Jul-99,5.259,5.285,5.32,5.195,1.26K,-0.0196,1999
27-Jun-99,5.364,5.15,5.39,5.125,17.62K,0.0603,1999
20-Jun-99,5.059,5.059,5.059,5.059,0.05K,0.0212,1999
13-Jun-99,4.954,5.03,5.05,5.03,0.13K,-0.0296,1999
6-Jun-99,5.105,5.105,5.105,5.105,0.05K,0.0365,1999
30-May-99,4.925,4.93,4.93,4.93,0.02K,0.0082,1999
23-May-99,4.885,5.12,5.12,5.025,0.34K,-0.0575,1999
16-May-99,5.183,5.385,5.4,5.17,1.07K,-0.0337,1999
9-May-99,5.364,5.35,5.56,5.32,0.67K,-0.0083,1999
2-May-99,5.409,5.385,5.43,5.24,1.56K,0.0004,1999
25-Apr-99,5.407,5.27,5.45,5.255,9.65K,0.0489,1999
18-Apr-99,5.155,5.155,5.155,5.155,0.08K,0.0204,1999
11-Apr-99,5.052,4.98,5.04,4.915,0.17K,0.0218,1999
4-Apr-99,4.944,4.944,4.944,4.944,0.08K,-0.0187,1999
28-Mar-99,5.038,5.1,5.175,5.1,0.09K,-0.0122,1999
21-Mar-99,5.1,5.08,5.13,5.035,0.30K,0.0099,1999
14-Mar-99,5.05,5.2,5.27,4.975,1.19K,-0.0508,1999
7-Mar-99,5.32,5.23,5.36,5.22,3.00K,0.0205,1999
28-Feb-99,5.213,5.69,5.69,5.17,3.45K,-0.0749,1999
21-Feb-99,5.635,5.46,5.66,5.35,14.78K,0.0068,1999
14-Feb-99,5.597,5.597,5.597,5.597,-,-0.011,1999
7-Feb-99,5.659,5.659,5.659,5.659,0.02K,0.0055,1999
31-Jan-99,5.628,5.24,5.38,5.24,0.93K,0.0777,1999
24-Jan-99,5.222,5.222,5.222,5.222,0.02K,0.0296,1999
17-Jan-99,5.072,5.095,5.095,5.095,0.01K,-0.0057,1999
10-Jan-99,5.101,5.3,5.3,5.3,0.03K,-0.0291,1999
3-Jan-99,5.254,4.93,5.24,4.88,0.11K,0.0533,1999
27-Dec-98,4.988,4.895,5.03,4.87,0.12K,0.02,1999
20-Dec-98,4.89,4.86,4.92,4.85,0.09K,-0.0024,1998
13-Dec-98,4.902,4.765,5.035,4.75,0.33K,0.0313,1998
6-Dec-98,4.753,4.72,4.815,4.675,0.62K,0.0021,1998
29-Nov-98,4.743,4.9,4.91,4.56,6.55K,-0.0322,1998
22-Nov-98,4.901,4.886,4.985,4.865,14.95K,0.0039,1998
15-Nov-98,4.882,4.915,4.964,4.882,0.07K,-0.0261,1998
8-Nov-98,5.013,5.023,5.121,4.981,-,0.003,1998
1-Nov-98,4.998,5.014,5.029,4.904,0.05K,-0.0058,1998
25-Oct-98,5.027,4.965,5.055,4.93,0.01K,0.0354,1998
18-Oct-98,4.855,4.86,4.865,4.855,0.09K,-0.0132,1998
11-Oct-98,4.92,4.806,4.92,4.8,-,0.0336,1998
4-Oct-98,4.76,5.025,5.097,4.76,0.18K,-0.0788,1998
27-Sep-98,5.167,5.11,5.255,5.11,0.14K,0.0072,1998
20-Sep-98,5.13,4.95,5.19,4.845,0.78K,0.0412,1998
13-Sep-98,4.927,4.95,4.965,4.875,0.22K,-0.0092,1998
6-Sep-98,4.973,4.925,5.07,4.815,1.10K,0.001,1998
30-Aug-98,4.968,4.655,4.98,4.615,6.51K,0.0725,1998
23-Aug-98,4.632,5.125,5.125,4.62,15.28K,-0.1032,1998
16-Aug-98,5.165,5.11,5.165,5.068,0.07K,0.0029,1998
9-Aug-98,5.15,5.3,5.3,5.13,0.04K,-0.0215,1998
2-Aug-98,5.263,5.35,5.443,5.26,0.00K,-0.034,1998
26-Jul-98,5.448,5.65,5.68,5.448,0.13K,-0.0417,1998
19-Jul-98,5.685,5.4,5.79,5.4,0.19K,0.0654,1998
12-Jul-98,5.336,5.26,5.34,5.24,0.21K,0.0127,1998
5-Jul-98,5.269,5.305,5.4,5.245,1.21K,-0.0066,1998
28-Jun-98,5.304,5.29,5.55,5.27,19.09K,0.0021,1998
21-Jun-98,5.293,5.293,5.293,5.293,-,-0.0095,1998
14-Jun-98,5.344,4.98,5.2,4.98,0.01K,0.0493,1998
7-Jun-98,5.093,5.31,5.31,5.23,0.01K,-0.0323,1998
31-May-98,5.263,5.263,5.263,5.263,0.00K,0.037,1998
24-May-98,5.075,5.1,5.19,4.99,0.05K,-0.0296,1998
17-May-98,5.23,5.43,5.47,5.2,0.22K,-0.0597,1998
10-May-98,5.562,5.75,5.8,5.45,0.70K,-0.0613,1998
3-May-98,5.925,6.145,6.29,5.83,1.74K,-0.03,1998
26-Apr-98,6.108,6.11,6.285,6.045,12.27K,-0.018,1998
19-Apr-98,6.22,6.22,6.22,6.22,0.01K,-0.0006,1998
12-Apr-98,6.224,6.224,6.224,6.224,0.01K,-0.0248,1998
5-Apr-98,6.382,6.382,6.382,6.382,-,-0.0256,1998
29-Mar-98,6.55,6.28,6.66,6.28,0.06K,0.038,1998
22-Mar-98,6.31,6.2,6.39,6.2,0.20K,0.0321,1998
15-Mar-98,6.114,6.065,6.075,5.62,0.93K,0.003,1998
8-Mar-98,6.096,5.97,6.27,5.97,1.47K,0.0101,1998
1-Mar-98,6.035,6.48,6.56,6,3.14K,-0.0614,1998
22-Feb-98,6.43,6.015,6.46,5.84,18.94K,-0.0132,1998
15-Feb-98,6.516,6.785,6.785,6.785,16.25K,-0.0797,1998
8-Feb-98,7.08,6.75,6.9,6.75,0.16K,0.0057,1998
1-Feb-98,7.04,6.75,7.07,6.75,0.20K,0.1535,1998
25-Jan-98,6.103,6.02,6.02,6.02,0.05K,0.0408,1998
18-Jan-98,5.864,5.75,5.75,5.705,0.02K,0.0184,1998
11-Jan-98,5.758,5.53,5.8,5.52,0.95K,0.0295,1998
4-Jan-98,5.593,5.87,6.1,5.66,0.07K,-0.052,1998
28-Dec-97,5.9,6.23,6.29,6.12,0.19K,-0.0645,1998
21-Dec-97,6.307,6.03,6.35,5.96,0.54K,0.0494,1997
14-Dec-97,6.01,5.88,6.04,5.79,0.51K,0.0288,1997
7-Dec-97,5.842,5.37,5.93,5.32,1.62K,0.0889,1997
30-Nov-97,5.365,5.23,5.42,5.15,2.45K,0.0276,1997
23-Nov-97,5.221,5.35,5.38,5.15,19.67K,-0.0353,1997
16-Nov-97,5.412,5.11,5.412,5.08,0.04K,0.067,1997
9-Nov-97,5.072,4.849,5.05,4.849,0.05K,0.049,1997
2-Nov-97,4.835,4.825,4.881,4.77,0.04K,0.025,1997
26-Oct-97,4.717,4.766,4.847,4.717,0.07K,-0.0088,1997
19-Oct-97,4.759,4.905,5.003,4.759,0.22K,-0.0335,1997
12-Oct-97,4.924,5.11,5.11,4.924,0.16K,-0.0457,1997
5-Oct-97,5.16,5.175,5.175,5.089,0.03K,-0.0194,1997
28-Sep-97,5.262,5.065,5.262,5.065,0.04K,0.0999,1997
21-Sep-97,4.784,4.635,4.79,4.633,0.27K,0.0255,1997
14-Sep-97,4.665,4.72,4.72,4.55,46.98K,-0.0117,1997
7-Sep-97,4.72,4.66,4.78,4.635,1.01K,0.0105,1997
31-Aug-97,4.671,4.65,4.68,4.565,1.72K,0.0119,1997
24-Aug-97,4.616,4.608,4.79,4.59,17.33K,-0.013,1997
17-Aug-97,4.677,4.46,4.677,4.46,0.05K,0.0277,1997
10-Aug-97,4.551,4.428,4.551,4.395,-,0.0431,1997
3-Aug-97,4.363,4.486,4.486,4.297,-,-0.0193,1997
27-Jul-97,4.449,4.34,4.469,4.295,0.08K,0.0354,1997
20-Jul-97,4.297,4.255,4.315,4.225,0.07K,0.013,1997
13-Jul-97,4.242,4.295,4.305,4.185,15.33K,-0.0196,1997
6-Jul-97,4.327,4.48,4.48,4.2,0.38K,-0.0444,1997
29-Jun-97,4.528,4.65,4.695,4.515,5.72K,-0.0317,1997
22-Jun-97,4.676,4.715,4.77,4.66,11.50K,-0.0066,1997
15-Jun-97,4.707,4.707,4.707,4.707,0.04K,0.009,1997
8-Jun-97,4.665,4.665,4.665,4.665,0.03K,-0.0218,1997
1-Jun-97,4.769,4.85,4.85,4.85,0.01K,0.0249,1997
25-May-97,4.653,4.67,4.73,4.67,0.35K,-0.0123,1997
18-May-97,4.711,4.65,4.72,4.635,0.34K,0.0109,1997
11-May-97,4.66,4.84,4.89,4.65,0.26K,-0.0378,1997
4-May-97,4.843,4.72,4.87,4.68,1.10K,0.0335,1997
27-Apr-97,4.686,4.6,4.755,4.6,21.36K,-0.007,1997
20-Apr-97,4.719,4.719,4.719,4.719,-,0.0025,1997
13-Apr-97,4.707,4.705,4.705,4.69,0.01K,-0.0002,1997
6-Apr-97,4.708,4.708,4.708,4.708,-,-0.0034,1997
30-Mar-97,4.724,5.03,5.03,5.03,0.01K,-0.0781,1997
23-Mar-97,5.124,5.12,5.18,5.09,0.46K,-0.0027,1997
16-Mar-97,5.138,5.24,5.24,5.105,0.70K,-0.0215,1997
9-Mar-97,5.251,5.155,5.3,5.11,0.59K,0.0208,1997
2-Mar-97,5.144,5.28,5.39,5.13,2.08K,-0.0313,1997
23-Feb-97,5.31,5.185,5.335,5.185,18.93K,0.0241,1997
16-Feb-97,5.185,5.185,5.185,5.185,0.01K,-0.0107,1997
9-Feb-97,5.241,5.241,5.241,5.241,0.01K,0.0635,1997
2-Feb-97,4.928,4.91,4.91,4.91,0.02K,0.0055,1997
26-Jan-97,4.901,5,5.01,4.815,0.08K,-0.0111,1997
19-Jan-97,4.956,4.73,4.915,4.67,0.11K,0.0449,1997
12-Jan-97,4.743,4.65,4.66,4.65,0.04K,0.0032,1997
5-Jan-97,4.728,4.63,4.64,4.6,0.09K,0.0179,1997
29-Dec-96,4.645,4.865,4.865,4.7,0.45K,-0.0456,1997
22-Dec-96,4.867,4.81,4.885,4.81,0.12K,0.0123,1996
15-Dec-96,4.808,4.78,4.89,4.77,0.17K,0.0027,1996
8-Dec-96,4.795,4.77,4.85,4.74,0.44K,0.011,1996
1-Dec-96,4.743,4.68,4.85,4.64,3.16K,0.0062,1996
24-Nov-96,4.714,4.74,4.74,4.66,19.45K,-0.0244,1996
17-Nov-96,4.832,4.832,4.832,4.832,-,-0.0201,1996
10-Nov-96,4.931,4.92,4.92,4.82,0.03K,0.0218,1996
3-Nov-96,4.826,4.79,4.79,4.7,0.02K,0.0096,1996
27-Oct-96,4.78,4.91,4.91,4.805,0.12K,-0.0245,1996
20-Oct-96,4.9,4.91,4.915,4.89,0.08K,0.0072,1996
13-Oct-96,4.865,4.865,4.865,4.865,0.21K,-0.0309,1996
6-Oct-96,5.02,4.82,5,4.82,0.03K,0.0389,1996
29-Sep-96,4.832,4.83,4.83,4.8,0.03K,-0.0082,1996
22-Sep-96,4.872,4.82,4.92,4.82,0.17K,0.0131,1996
15-Sep-96,4.809,5.025,5.1,4.805,3.22K,-0.0369,1996
8-Sep-96,4.993,5.105,5.105,4.98,0.83K,-0.0187,1996
1-Sep-96,5.088,5.175,5.175,5.09,0.91K,-0.0166,1996
25-Aug-96,5.174,5.17,5.19,5.1,15.40K,-0.0037,1996
18-Aug-96,5.193,5.16,5.17,5.16,0.01K,0.0253,1996
11-Aug-96,5.065,5.05,5.05,5.02,0.00K,0.0082,1996
4-Aug-96,5.024,5.024,5.024,5.024,0.10K,-0.0053,1996
28-Jul-96,5.051,5.075,5.075,5.02,0.01K,-0.0043,1996
21-Jul-96,5.073,4.94,5.095,4.925,0.07K,0.0288,1996
14-Jul-96,4.931,5.085,5.11,4.86,0.15K,-0.0328,1996
7-Jul-96,5.098,5.1,5.11,5,0.43K,0.0035,1996
30-Jun-96,5.08,5,5.13,4.995,1.20K,0.0203,1996
23-Jun-96,4.979,5.155,5.155,4.955,32.39K,-0.0237,1996
16-Jun-96,5.1,5.1,5.1,5.1,-,-0.0118,1996
9-Jun-96,5.161,5.06,5.06,5.05,0.01K,0.001,1996
2-Jun-96,5.156,5.35,5.355,5.31,0.01K,-0.0418,1996
26-May-96,5.381,5.335,5.355,5.3,0.19K,0.016,1996
19-May-96,5.296,5.27,5.31,5.23,0.13K,-0.0011,1996
12-May-96,5.302,5.34,5.39,5.29,0.35K,-0.006,1996
5-May-96,5.334,5.405,5.505,5.36,0.15K,-0.0166,1996
28-Apr-96,5.424,5.305,5.48,5.2,15.12K,0.0308,1996
21-Apr-96,5.262,5.262,5.262,5.262,0.00K,0.0019,1996
14-Apr-96,5.252,5.252,5.252,5.252,-,-0.0467,1996
7-Apr-96,5.509,5.5,5.5,5.5,0.00K,0.0164,1996
31-Mar-96,5.42,5.51,5.51,5.25,0.00K,-0.0181,1996
24-Mar-96,5.52,5.61,5.705,5.61,0.07K,-0.0178,1996
17-Mar-96,5.62,5.525,5.62,5.46,0.08K,0.0079,1996
10-Mar-96,5.576,5.49,5.6,5.465,0.80K,0.0177,1996
3-Mar-96,5.479,5.49,5.515,5.32,1.00K,-0.0029,1996
25-Feb-96,5.495,5.45,5.54,5.42,27.66K,0.0079,1996
18-Feb-96,5.452,5.545,5.545,5.545,0.03K,-0.046,1996
11-Feb-96,5.715,5.71,5.71,5.69,0.07K,0.0111,1996
4-Feb-96,5.652,5.72,5.8,5.7,0.03K,-0.0287,1996
28-Jan-96,5.819,5.55,5.555,5.55,0.04K,0.0549,1996
21-Jan-96,5.516,5.53,5.575,5.5,0.04K,0.0147,1996
14-Jan-96,5.436,5.45,5.48,5.445,0.25K,0.0011,1996
7-Jan-96,5.43,5.525,5.525,5.525,0.02K,-0.0136,1996
31-Dec-95,5.505,5.12,5.38,5.12,0.14K,0.0662,1996
24-Dec-95,5.163,5.13,5.16,5.09,0.16K,0.0056,1995
17-Dec-95,5.134,5.13,5.15,5.085,0.24K,0.0073,1995
10-Dec-95,5.097,5.22,5.22,5.05,0.37K,-0.0177,1995
3-Dec-95,5.189,5.16,5.24,5.145,3.18K,0.005,1995
26-Nov-95,5.163,5.202,5.24,5.09,24.57K,0.0017,1995
19-Nov-95,5.154,5.33,5.33,5.15,0.01K,-0.0345,1995
12-Nov-95,5.338,5.298,5.338,5.298,0.12K,-0.0159,1995
5-Nov-95,5.424,5.27,5.425,5.27,0.05K,0.0286,1995
29-Oct-95,5.273,5.318,5.318,5.273,0.01K,-0.0034,1995
22-Oct-95,5.291,5.331,5.419,5.291,0.02K,-0.0092,1995
15-Oct-95,5.34,5.322,5.34,5.265,0.49K,-0.0032,1995
8-Oct-95,5.357,5.408,5.408,5.357,0.08K,0.0053,1995
1-Oct-95,5.329,5.3,5.329,5.263,0.03K,-0.0195,1995
24-Sep-95,5.435,5.44,5.46,5.415,0.94K,0.0083,1995
17-Sep-95,5.39,5.435,5.515,5.315,0.25K,-0.0081,1995
10-Sep-95,5.434,5.46,5.495,5.37,0.89K,0.0184,1995
3-Sep-95,5.336,5.23,5.425,5.13,2.71K,0.0123,1995
27-Aug-95,5.271,5.612,5.612,5.21,17.89K,-0.0574,1995
20-Aug-95,5.592,5.789,5.789,5.592,0.01K,-0.0179,1995
13-Aug-95,5.694,5.344,5.694,5.344,0.01K,0.0935,1995
6-Aug-95,5.207,5.177,5.265,5.177,5.63K,0.0113,1995
30-Jul-95,5.149,5.031,5.15,5.031,0.40K,0.0174,1995
23-Jul-95,5.061,5.13,5.185,5.04,0.07K,-0.0228,1995
16-Jul-95,5.179,5.18,5.41,5.125,0.38K,-0.0071,1995
9-Jul-95,5.216,5.145,5.26,5.05,1.04K,0.0142,1995
2-Jul-95,5.143,5.025,5.155,4.98,1.58K,0.0257,1995
25-Jun-95,5.014,5.22,5.31,4.98,16.35K,-0.0632,1995
18-Jun-95,5.352,5.44,5.44,5.44,0.04K,-0.0104,1995
11-Jun-95,5.408,5.39,5.39,5.39,0.13K,-0.0022,1995
4-Jun-95,5.42,5.2,5.3,5.2,0.07K,0.0383,1995
28-May-95,5.22,5.29,5.29,5.29,0.01K,-0.0394,1995
21-May-95,5.434,5.26,5.52,5.255,0.21K,0.017,1995
14-May-95,5.343,5.3,5.4,5.29,0.17K,0.0066,1995
7-May-95,5.308,5.98,6.025,5.1,2.52K,-0.1208,1995
30-Apr-95,6.037,5.72,6.16,5.71,2.30K,0.0551,1995
23-Apr-95,5.722,5.59,5.91,5.56,14.49K,0.0077,1995
16-Apr-95,5.678,5.57,5.93,5.54,0.11K,0.0562,1995
9-Apr-95,5.376,5.235,5.33,5.235,0.13K,-0.0006,1995
2-Apr-95,5.379,5.21,5.21,5.21,0.02K,0.0162,1995
26-Mar-95,5.293,4.625,5.25,4.625,0.10K,0.1512,1995
19-Mar-95,4.598,4.66,4.67,4.56,0.05K,-0.0221,1995
12-Mar-95,4.702,4.7,4.72,4.64,0.16K,0.0293,1995
5-Mar-95,4.568,4.4,4.69,4.38,0.77K,0.0436,1995
26-Feb-95,4.377,4.625,4.64,4.34,31.04K,-0.054,1995
19-Feb-95,4.627,4.627,4.627,4.627,-,-0.029,1995
12-Feb-95,4.765,4.765,4.765,4.765,0.05K,0.004,1995
5-Feb-95,4.746,4.64,4.74,4.64,0.84K,0.0191,1995
29-Jan-95,4.657,4.655,4.665,4.655,0.11K,0,1995
22-Jan-95,4.657,4.885,4.885,4.635,0.00K,-0.0482,1995
15-Jan-95,4.893,4.893,4.893,4.893,-,0.0209,1995
8-Jan-95,4.793,4.793,4.793,4.793,0.00K,0.0383,1995
1-Jan-95,4.616,4.815,4.815,4.815,0.10K,-0.0529,1995
,,,,,,,1995
